Using pre-set license
Built from '2021.3/staging' branch; Version is '2021.3.9f1 (ad3870b89536) revision 11352176'; Using compiler version '192829333'; Build Type 'Release'
OS: 'Windows 10  (10.0.19045) 64bit Core' Language: 'it' Physical Memory: 16319 MB
BatchMode: 1, IsHumanControllingUs: 0, StartBugReporterOnCrash: 0, Is64bit: 1, IsPro: 1

COMMAND LINE ARGUMENTS:
C:\Program Files\Unity\Hub\Editor\2021.3.9f1\Editor\Unity.exe
-adb2
-batchMode
-noUpm
-name
AssetImportWorker6
-projectPath
D:/Utente/ProgettiUnity/AR_Template_Project
-logFile
Logs/AssetImportWorker6.log
-srvPort
32751
Successfully changed project path to: D:/Utente/ProgettiUnity/AR_Template_Project
D:/Utente/ProgettiUnity/AR_Template_Project
[UnityMemory] Configuration Parameters - Can be set up in boot.config
    "memorysetup-bucket-allocator-granularity=16"
    "memorysetup-bucket-allocator-bucket-count=8"
    "memorysetup-bucket-allocator-block-size=33554432"
    "memorysetup-bucket-allocator-block-count=8"
    "memorysetup-main-allocator-block-size=16777216"
    "memorysetup-thread-allocator-block-size=16777216"
    "memorysetup-gfx-main-allocator-block-size=16777216"
    "memorysetup-gfx-thread-allocator-block-size=16777216"
    "memorysetup-cache-allocator-block-size=4194304"
    "memorysetup-typetree-allocator-block-size=2097152"
    "memorysetup-profiler-bucket-allocator-granularity=16"
    "memorysetup-profiler-bucket-allocator-bucket-count=8"
    "memorysetup-profiler-bucket-allocator-block-size=33554432"
    "memorysetup-profiler-bucket-allocator-block-count=8"
    "memorysetup-profiler-allocator-block-size=16777216"
    "memorysetup-profiler-editor-allocator-block-size=1048576"
    "memorysetup-temp-allocator-size-main=16777216"
    "memorysetup-job-temp-allocator-block-size=2097152"
    "memorysetup-job-temp-allocator-block-size-background=1048576"
    "memorysetup-job-temp-allocator-reduction-small-platforms=262144"
    "memorysetup-temp-allocator-size-background-worker=32768"
    "memorysetup-temp-allocator-size-job-worker=262144"
    "memorysetup-temp-allocator-size-preload-manager=33554432"
    "memorysetup-temp-allocator-size-nav-mesh-worker=65536"
    "memorysetup-temp-allocator-size-audio-worker=65536"
    "memorysetup-temp-allocator-size-cloud-worker=32768"
    "memorysetup-temp-allocator-size-gi-baking-worker=262144"
    "memorysetup-temp-allocator-size-gfx=262144"
Refreshing native plugins compatible for Editor in 131.50 ms, found 4 plugins.
Preloading 0 native plugins for Editor in 0.00 ms.
Initialize engine version: 2021.3.9f1 (ad3870b89536)
[Subsystems] Discovering subsystems at path C:/Program Files/Unity/Hub/Editor/2021.3.9f1/Editor/Data/Resources/UnitySubsystems
[Subsystems] Discovering subsystems at path D:/Utente/ProgettiUnity/AR_Template_Project/Assets
GfxDevice: creating device client; threaded=0; jobified=0
Direct3D:
    Version:  Direct3D 11.0 [level 11.1]
    Renderer: NVIDIA GeForce RTX 2060 (ID=0x1f08)
    Vendor:   NVIDIA
    VRAM:     5968 MB
    Driver:   31.0.15.3713
Initialize mono
Mono path[0] = 'C:/Program Files/Unity/Hub/Editor/2021.3.9f1/Editor/Data/Managed'
Mono path[1] = 'C:/Program Files/Unity/Hub/Editor/2021.3.9f1/Editor/Data/MonoBleedingEdge/lib/mono/unityjit-win32'
Mono config path = 'C:/Program Files/Unity/Hub/Editor/2021.3.9f1/Editor/Data/MonoBleedingEdge/etc'
Using monoOptions --debugger-agent=transport=dt_socket,embedding=1,server=y,suspend=n,address=127.0.0.1:56148
Begin MonoManager ReloadAssembly
Registering precompiled unity dll's ...
Register platform support module: C:/Program Files/Unity/Hub/Editor/2021.3.9f1/Editor/Data/PlaybackEngines/WebGLSupport/UnityEditor.WebGL.Extensions.dll
Register platform support module: C:/Program Files/Unity/Hub/Editor/2021.3.9f1/Editor/Data/PlaybackEngines/AndroidPlayer/UnityEditor.Android.Extensions.dll
Register platform support module: C:/Program Files/Unity/Hub/Editor/2021.3.9f1/Editor/Data/PlaybackEngines/WindowsStandaloneSupport/UnityEditor.WindowsStandalone.Extensions.dll
Registered in 0.010431 seconds.
Native extension for WindowsStandalone target not found
Native extension for Android target not found
Native extension for WebGL target not found
Refreshing native plugins compatible for Editor in 244.09 ms, found 4 plugins.
Preloading 0 native plugins for Editor in 0.00 ms.
Mono: successfully reloaded assembly
- Completed reload, in  1.084 seconds
Domain Reload Profiling:
	ReloadAssembly (1085ms)
		BeginReloadAssembly (98ms)
			ExecutionOrderSort (0ms)
			DisableScriptedObjects (0ms)
			BackupInstance (0ms)
			ReleaseScriptingObjects (0ms)
			CreateAndSetChildDomain (1ms)
		EndReloadAssembly (841ms)
			LoadAssemblies (95ms)
			RebuildTransferFunctionScriptingTraits (0ms)
			SetupTypeCache (119ms)
			ReleaseScriptCaches (0ms)
			RebuildScriptCaches (34ms)
			SetupLoadedEditorAssemblies (623ms)
				LogAssemblyErrors (0ms)
				InitializePlatformSupportModulesInManaged (65ms)
				SetLoadedEditorAssemblies (0ms)
				RefreshPlugins (244ms)
				BeforeProcessingInitializeOnLoad (2ms)
				ProcessInitializeOnLoadAttributes (237ms)
				ProcessInitializeOnLoadMethodAttributes (75ms)
				AfterProcessingInitializeOnLoad (0ms)
				EditorAssembliesLoaded (0ms)
			ExecutionOrderSort2 (0ms)
			AwakeInstancesAfterBackupRestoration (0ms)
Platform modules already initialized, skipping
Registering precompiled user dll's ...
Registered in 0.011018 seconds.
Android Extension - Scanning For ADB Devices 4607 ms
Begin MonoManager ReloadAssembly
Symbol file LoadedFromMemory doesn't match image D:\Utente\ProgettiUnity\AR_Template_Project\Library\PackageCache\com.unity.visualscripting@1.7.8\Editor\VisualScripting.Core\Dependencies\YamlDotNet\Unity.VisualScripting.YamlDotNet.dll
Symbol file LoadedFromMemory doesn't match image D:\Utente\ProgettiUnity\AR_Template_Project\Library\PackageCache\com.unity.visualscripting@1.7.8\Editor\VisualScripting.Core\Dependencies\DotNetZip\Unity.VisualScripting.IonicZip.dll
Native extension for WindowsStandalone target not found
Native extension for Android target not found
Native extension for WebGL target not found
Refreshing native plugins compatible for Editor in 118.23 ms, found 4 plugins.
Preloading 0 native plugins for Editor in 0.00 ms.
System.Exception: Error! Visual Scripting: couldn't find visual scripting package
  at Unity.VisualScripting.PackageVersionUtility.get_version () [0x00025] in D:\Utente\ProgettiUnity\AR_Template_Project\Library\PackageCache\com.unity.visualscripting@1.7.8\Editor\VisualScripting.Core\Utilities\PackageVersionUtility.cs:22 
  at Unity.VisualScripting.BoltCoreManifest.get_version () [0x00000] in D:\Utente\ProgettiUnity\AR_Template_Project\Library\PackageCache\com.unity.visualscripting@1.7.8\Editor\VisualScripting.Core\Plugin\BoltCoreManifest.cs:11 
  at Unity.VisualScripting.PluginManifest.get_currentVersion () [0x00000] in D:\Utente\ProgettiUnity\AR_Template_Project\Library\PackageCache\com.unity.visualscripting@1.7.8\Editor\VisualScripting.Core\Plugins\PluginManifest.cs:33 
  at Unity.VisualScripting.PluginManifest.get_versionMismatch () [0x00000] in D:\Utente\ProgettiUnity\AR_Template_Project\Library\PackageCache\com.unity.visualscripting@1.7.8\Editor\VisualScripting.Core\Plugins\PluginManifest.cs:48 
  at Unity.VisualScripting.PluginContainer.Initialize () [0x0057d] in D:\Utente\ProgettiUnity\AR_Template_Project\Library\PackageCache\com.unity.visualscripting@1.7.8\Editor\VisualScripting.Core\Plugins\PluginContainer.cs:208 
  at Unity.VisualScripting.PluginContainer.InitializeOnLoad () [0x00012] in D:\Utente\ProgettiUnity\AR_Template_Project\Library\PackageCache\com.unity.visualscripting@1.7.8\Editor\VisualScripting.Core\Plugins\PluginContainer.cs:32 
  at Unity.VisualScripting.VSUsageUtility.DoInitializeOnLoadCalls () [0x00044] in D:\Utente\ProgettiUnity\AR_Template_Project\Library\PackageCache\com.unity.visualscripting@1.7.8\Editor\VisualScripting.Core\Utilities\VSUsageUtility.cs:76 
  at Unity.VisualScripting.VSUsageUtility.set_isVisualScriptingUsed (System.Boolean value) [0x00037] in D:\Utente\ProgettiUnity\AR_Template_Project\Library\PackageCache\com.unity.visualscripting@1.7.8\Editor\VisualScripting.Core\Utilities\VSUsageUtility.cs:114 
  at Unity.VisualScripting.VSUsageUtility.CheckAndSetIsVisualScriptingUsed () [0x0003f] in D:\Utente\ProgettiUnity\AR_Template_Project\Library\PackageCache\com.unity.visualscripting@1.7.8\Editor\VisualScripting.Core\Utilities\VSUsageUtility.cs:48 
  at Unity.VisualScripting.VSUsageUtility..cctor () [0x0000d] in D:\Utente\ProgettiUnity\AR_Template_Project\Library\PackageCache\com.unity.visualscripting@1.7.8\Editor\VisualScripting.Core\Utilities\VSUsageUtility.cs:22 
UnityEngine.StackTraceUtility:ExtractStackTrace ()
UnityEngine.DebugLogHandler:LogFormat (UnityEngine.LogType,UnityEngine.Object,string,object[])
UnityEngine.Logger:Log (UnityEngine.LogType,object)
UnityEngine.Debug:LogError (object)
UnityEditor.EditorAssemblies:ProcessInitializeOnLoadAttributes (System.Type[])

Package Manager log level set to [2]
Mono: successfully reloaded assembly
- Completed reload, in  3.712 seconds
Domain Reload Profiling:
	ReloadAssembly (3713ms)
		BeginReloadAssembly (132ms)
			ExecutionOrderSort (0ms)
			DisableScriptedObjects (6ms)
			BackupInstance (0ms)
			ReleaseScriptingObjects (0ms)
			CreateAndSetChildDomain (20ms)
		EndReloadAssembly (3431ms)
			LoadAssemblies (1430ms)
			RebuildTransferFunctionScriptingTraits (0ms)
			SetupTypeCache (341ms)
			ReleaseScriptCaches (1ms)
			RebuildScriptCaches (80ms)
			SetupLoadedEditorAssemblies (1533ms)
				LogAssemblyErrors (0ms)
				InitializePlatformSupportModulesInManaged (17ms)
				SetLoadedEditorAssemblies (0ms)
				RefreshPlugins (118ms)
				BeforeProcessingInitializeOnLoad (179ms)
				ProcessInitializeOnLoadAttributes (1089ms)
				ProcessInitializeOnLoadMethodAttributes (112ms)
				AfterProcessingInitializeOnLoad (16ms)
				EditorAssembliesLoaded (0ms)
			ExecutionOrderSort2 (0ms)
			AwakeInstancesAfterBackupRestoration (7ms)
Platform modules already initialized, skipping
========================================================================
Worker process is ready to serve import requests
Launched and connected shader compiler UnityShaderCompiler.exe after 0.07 seconds
Refreshing native plugins compatible for Editor in 1.79 ms, found 4 plugins.
Preloading 0 native plugins for Editor in 0.00 ms.
Unloading 6534 Unused Serialized files (Serialized files now loaded: 0)
Unloading 60 unused Assets / (2.0 MB). Loaded Objects now: 6983.
Memory consumption went from 255.6 MB to 253.7 MB.
Total: 16.695000 ms (FindLiveObjects: 0.702000 ms CreateObjectMapping: 0.756600 ms MarkObjects: 14.355200 ms  DeleteObjects: 0.879900 ms)

AssetImportParameters requested are different than current active one (requested -> active):
  custom:video-decoder-ogg-theora: a1e56fd34408186e4bbccfd4996cb3dc -> 
  custom:container-muxer-webm: aa71ff27fc2769a1b78a27578f13a17b -> 
  custom:container-demuxer-webm: 4f35f7cbe854078d1ac9338744f61a02 -> 
  custom:video-encoder-webm-vp8: eb34c28f22e8b96e1ab97ce403110664 -> 
  custom:audio-encoder-webm-vorbis: bf7c407c2cedff20999df2af8eb42d56 -> 
  custom:framework-win-MediaFoundation: 216162199b28c13a410421893ffa2e32 -> 
  custom:container-demuxer-ogg: 62fdf1f143b41e24485cea50d1cbac27 -> 
  custom:video-decoder-webm-vp8: 9c59270c3fd7afecdb556c50c9e8de78 -> 
  custom:audio-decoder-ogg-vorbis: bf7c407c2cedff20999df2af8eb42d56 -> 
========================================================================
Received Import Request.
  Time since last request: 556446.460871 seconds.
  path: Assets/Images/Settore D/ClusterD.asset
  artifactKey: Guid(6243b82838487c44c810096541ee96fc) Importer(815301076,1909f56bfc062723c751e8b465ee728b)
Start importing Assets/Images/Settore D/ClusterD.asset using Guid(6243b82838487c44c810096541ee96fc) Importer(815301076,1909f56bfc062723c751e8b465ee728b)  -> (artifact id: '688b216ee031d90c53587c5f4aedd1cf') in 1.461645 seconds 
========================================================================
Received Import Request.
  Time since last request: 1948.610890 seconds.
  path: Assets/Images/Settore A/ClusterA.asset
  artifactKey: Guid(37e92352bd322a04ab360817d4840afb) Importer(815301076,1909f56bfc062723c751e8b465ee728b)
Start importing Assets/Images/Settore A/ClusterA.asset using Guid(37e92352bd322a04ab360817d4840afb) Importer(815301076,1909f56bfc062723c751e8b465ee728b)  -> (artifact id: '370fc2e4a721f31ee6e7cfc6eff625dd') in 0.288787 seconds 
========================================================================
Received Import Request.
  Time since last request: 32.063173 seconds.
  path: Assets/Images/Immagini Intere
  artifactKey: Guid(e0a48d1a1e312cf4792d2cc574381ad2) Importer(815301076,1909f56bfc062723c751e8b465ee728b)
Start importing Assets/Images/Immagini Intere using Guid(e0a48d1a1e312cf4792d2cc574381ad2) Importer(815301076,1909f56bfc062723c751e8b465ee728b)  -> (artifact id: '6055b60ef65c66ee4284a759a7891aec') in 0.018787 seconds 
========================================================================
Received Import Request.
  Time since last request: 0.784140 seconds.
  path: Assets/Images/Immagini Intere/A - pittorico-figurativo-grafico
  artifactKey: Guid(fe0f4e23891a29e48831188f474e2c58) Importer(815301076,1909f56bfc062723c751e8b465ee728b)
Start importing Assets/Images/Immagini Intere/A - pittorico-figurativo-grafico using Guid(fe0f4e23891a29e48831188f474e2c58) Importer(815301076,1909f56bfc062723c751e8b465ee728b)  -> (artifact id: '7a6059e51279263aed64ce6c67675c38') in 0.008801 seconds 
========================================================================
Received Import Request.
  Time since last request: 70.741808 seconds.
  path: Assets/Scripts/ScriptableObjects/ImagesConfig.cs
  artifactKey: Guid(347e2d792aff2cc47b0c94700a028741) Importer(815301076,1909f56bfc062723c751e8b465ee728b)
Start importing Assets/Scripts/ScriptableObjects/ImagesConfig.cs using Guid(347e2d792aff2cc47b0c94700a028741) Importer(815301076,1909f56bfc062723c751e8b465ee728b)  -> (artifact id: '6326e158ea27e11906e5ffc124894b3a') in 0.016422 seconds 
========================================================================
Received Prepare
Registering precompiled user dll's ...
Registered in 0.007453 seconds.
Begin MonoManager ReloadAssembly
Symbol file LoadedFromMemory doesn't match image D:\Utente\ProgettiUnity\AR_Template_Project\Library\PackageCache\com.unity.visualscripting@1.7.8\Editor\VisualScripting.Core\Dependencies\YamlDotNet\Unity.VisualScripting.YamlDotNet.dll
Symbol file LoadedFromMemory doesn't match image D:\Utente\ProgettiUnity\AR_Template_Project\Library\PackageCache\com.unity.visualscripting@1.7.8\Editor\VisualScripting.Core\Dependencies\DotNetZip\Unity.VisualScripting.IonicZip.dll
Native extension for WindowsStandalone target not found
Native extension for Android target not found
Native extension for WebGL target not found
Refreshing native plugins compatible for Editor in 1.07 ms, found 4 plugins.
Preloading 0 native plugins for Editor in 0.00 ms.
System.Exception: Error! Visual Scripting: couldn't find visual scripting package
  at Unity.VisualScripting.PackageVersionUtility.get_version () [0x00025] in D:\Utente\ProgettiUnity\AR_Template_Project\Library\PackageCache\com.unity.visualscripting@1.7.8\Editor\VisualScripting.Core\Utilities\PackageVersionUtility.cs:22 
  at Unity.VisualScripting.BoltCoreManifest.get_version () [0x00000] in D:\Utente\ProgettiUnity\AR_Template_Project\Library\PackageCache\com.unity.visualscripting@1.7.8\Editor\VisualScripting.Core\Plugin\BoltCoreManifest.cs:11 
  at Unity.VisualScripting.PluginManifest.get_currentVersion () [0x00000] in D:\Utente\ProgettiUnity\AR_Template_Project\Library\PackageCache\com.unity.visualscripting@1.7.8\Editor\VisualScripting.Core\Plugins\PluginManifest.cs:33 
  at Unity.VisualScripting.PluginManifest.get_versionMismatch () [0x00000] in D:\Utente\ProgettiUnity\AR_Template_Project\Library\PackageCache\com.unity.visualscripting@1.7.8\Editor\VisualScripting.Core\Plugins\PluginManifest.cs:48 
  at Unity.VisualScripting.PluginContainer.Initialize () [0x0057d] in D:\Utente\ProgettiUnity\AR_Template_Project\Library\PackageCache\com.unity.visualscripting@1.7.8\Editor\VisualScripting.Core\Plugins\PluginContainer.cs:208 
  at Unity.VisualScripting.PluginContainer.InitializeOnLoad () [0x00012] in D:\Utente\ProgettiUnity\AR_Template_Project\Library\PackageCache\com.unity.visualscripting@1.7.8\Editor\VisualScripting.Core\Plugins\PluginContainer.cs:32 
  at Unity.VisualScripting.VSUsageUtility.DoInitializeOnLoadCalls () [0x00044] in D:\Utente\ProgettiUnity\AR_Template_Project\Library\PackageCache\com.unity.visualscripting@1.7.8\Editor\VisualScripting.Core\Utilities\VSUsageUtility.cs:76 
  at Unity.VisualScripting.VSUsageUtility.set_isVisualScriptingUsed (System.Boolean value) [0x00037] in D:\Utente\ProgettiUnity\AR_Template_Project\Library\PackageCache\com.unity.visualscripting@1.7.8\Editor\VisualScripting.Core\Utilities\VSUsageUtility.cs:114 
  at Unity.VisualScripting.VSUsageUtility.CheckAndSetIsVisualScriptingUsed () [0x00013] in D:\Utente\ProgettiUnity\AR_Template_Project\Library\PackageCache\com.unity.visualscripting@1.7.8\Editor\VisualScripting.Core\Utilities\VSUsageUtility.cs:33 
  at Unity.VisualScripting.VSUsageUtility..cctor () [0x0000d] in D:\Utente\ProgettiUnity\AR_Template_Project\Library\PackageCache\com.unity.visualscripting@1.7.8\Editor\VisualScripting.Core\Utilities\VSUsageUtility.cs:22 
UnityEngine.StackTraceUtility:ExtractStackTrace ()
UnityEngine.DebugLogHandler:LogFormat (UnityEngine.LogType,UnityEngine.Object,string,object[])
UnityEngine.Logger:Log (UnityEngine.LogType,object)
UnityEngine.Debug:LogError (object)
UnityEditor.EditorAssemblies:ProcessInitializeOnLoadAttributes (System.Type[])

Mono: successfully reloaded assembly
- Completed reload, in  2.585 seconds
Domain Reload Profiling:
	ReloadAssembly (2587ms)
		BeginReloadAssembly (426ms)
			ExecutionOrderSort (0ms)
			DisableScriptedObjects (26ms)
			BackupInstance (0ms)
			ReleaseScriptingObjects (0ms)
			CreateAndSetChildDomain (142ms)
		EndReloadAssembly (2024ms)
			LoadAssemblies (199ms)
			RebuildTransferFunctionScriptingTraits (0ms)
			SetupTypeCache (653ms)
			ReleaseScriptCaches (2ms)
			RebuildScriptCaches (47ms)
			SetupLoadedEditorAssemblies (715ms)
				LogAssemblyErrors (0ms)
				InitializePlatformSupportModulesInManaged (23ms)
				SetLoadedEditorAssemblies (1ms)
				RefreshPlugins (1ms)
				BeforeProcessingInitializeOnLoad (121ms)
				ProcessInitializeOnLoadAttributes (470ms)
				ProcessInitializeOnLoadMethodAttributes (88ms)
				AfterProcessingInitializeOnLoad (11ms)
				EditorAssembliesLoaded (0ms)
			ExecutionOrderSort2 (0ms)
			AwakeInstancesAfterBackupRestoration (12ms)
Platform modules already initialized, skipping
Refreshing native plugins compatible for Editor in 2.76 ms, found 4 plugins.
Preloading 0 native plugins for Editor in 0.00 ms.
Unloading 6350 Unused Serialized files (Serialized files now loaded: 0)
Unloading 50 unused Assets / (2.0 MB). Loaded Objects now: 6989.
Memory consumption went from 242.5 MB to 240.5 MB.
Total: 13.234900 ms (FindLiveObjects: 0.412300 ms CreateObjectMapping: 0.369000 ms MarkObjects: 11.433300 ms  DeleteObjects: 1.019500 ms)

AssetImportParameters requested are different than current active one (requested -> active):
  custom:video-decoder-ogg-theora: a1e56fd34408186e4bbccfd4996cb3dc -> 
  custom:container-muxer-webm: aa71ff27fc2769a1b78a27578f13a17b -> 
  custom:container-demuxer-webm: 4f35f7cbe854078d1ac9338744f61a02 -> 
  custom:video-encoder-webm-vp8: eb34c28f22e8b96e1ab97ce403110664 -> 
  custom:audio-encoder-webm-vorbis: bf7c407c2cedff20999df2af8eb42d56 -> 
  custom:framework-win-MediaFoundation: 216162199b28c13a410421893ffa2e32 -> 
  custom:container-demuxer-ogg: 62fdf1f143b41e24485cea50d1cbac27 -> 
  custom:video-decoder-webm-vp8: 9c59270c3fd7afecdb556c50c9e8de78 -> 
  custom:audio-decoder-ogg-vorbis: bf7c407c2cedff20999df2af8eb42d56 -> 
========================================================================
Received Prepare
Registering precompiled user dll's ...
Registered in 0.006021 seconds.
Begin MonoManager ReloadAssembly
Symbol file LoadedFromMemory doesn't match image D:\Utente\ProgettiUnity\AR_Template_Project\Library\PackageCache\com.unity.visualscripting@1.7.8\Editor\VisualScripting.Core\Dependencies\YamlDotNet\Unity.VisualScripting.YamlDotNet.dll
Symbol file LoadedFromMemory doesn't match image D:\Utente\ProgettiUnity\AR_Template_Project\Library\PackageCache\com.unity.visualscripting@1.7.8\Editor\VisualScripting.Core\Dependencies\DotNetZip\Unity.VisualScripting.IonicZip.dll
Native extension for WindowsStandalone target not found
Native extension for Android target not found
Native extension for WebGL target not found
Refreshing native plugins compatible for Editor in 1.05 ms, found 4 plugins.
Preloading 0 native plugins for Editor in 0.00 ms.
System.Exception: Error! Visual Scripting: couldn't find visual scripting package
  at Unity.VisualScripting.PackageVersionUtility.get_version () [0x00025] in D:\Utente\ProgettiUnity\AR_Template_Project\Library\PackageCache\com.unity.visualscripting@1.7.8\Editor\VisualScripting.Core\Utilities\PackageVersionUtility.cs:22 
  at Unity.VisualScripting.BoltCoreManifest.get_version () [0x00000] in D:\Utente\ProgettiUnity\AR_Template_Project\Library\PackageCache\com.unity.visualscripting@1.7.8\Editor\VisualScripting.Core\Plugin\BoltCoreManifest.cs:11 
  at Unity.VisualScripting.PluginManifest.get_currentVersion () [0x00000] in D:\Utente\ProgettiUnity\AR_Template_Project\Library\PackageCache\com.unity.visualscripting@1.7.8\Editor\VisualScripting.Core\Plugins\PluginManifest.cs:33 
  at Unity.VisualScripting.PluginManifest.get_versionMismatch () [0x00000] in D:\Utente\ProgettiUnity\AR_Template_Project\Library\PackageCache\com.unity.visualscripting@1.7.8\Editor\VisualScripting.Core\Plugins\PluginManifest.cs:48 
  at Unity.VisualScripting.PluginContainer.Initialize () [0x0057d] in D:\Utente\ProgettiUnity\AR_Template_Project\Library\PackageCache\com.unity.visualscripting@1.7.8\Editor\VisualScripting.Core\Plugins\PluginContainer.cs:208 
  at Unity.VisualScripting.PluginContainer.InitializeOnLoad () [0x00012] in D:\Utente\ProgettiUnity\AR_Template_Project\Library\PackageCache\com.unity.visualscripting@1.7.8\Editor\VisualScripting.Core\Plugins\PluginContainer.cs:32 
  at Unity.VisualScripting.VSUsageUtility.DoInitializeOnLoadCalls () [0x00044] in D:\Utente\ProgettiUnity\AR_Template_Project\Library\PackageCache\com.unity.visualscripting@1.7.8\Editor\VisualScripting.Core\Utilities\VSUsageUtility.cs:76 
  at Unity.VisualScripting.VSUsageUtility.set_isVisualScriptingUsed (System.Boolean value) [0x00037] in D:\Utente\ProgettiUnity\AR_Template_Project\Library\PackageCache\com.unity.visualscripting@1.7.8\Editor\VisualScripting.Core\Utilities\VSUsageUtility.cs:114 
  at Unity.VisualScripting.VSUsageUtility.CheckAndSetIsVisualScriptingUsed () [0x00013] in D:\Utente\ProgettiUnity\AR_Template_Project\Library\PackageCache\com.unity.visualscripting@1.7.8\Editor\VisualScripting.Core\Utilities\VSUsageUtility.cs:33 
  at Unity.VisualScripting.VSUsageUtility..cctor () [0x0000d] in D:\Utente\ProgettiUnity\AR_Template_Project\Library\PackageCache\com.unity.visualscripting@1.7.8\Editor\VisualScripting.Core\Utilities\VSUsageUtility.cs:22 
UnityEngine.StackTraceUtility:ExtractStackTrace ()
UnityEngine.DebugLogHandler:LogFormat (UnityEngine.LogType,UnityEngine.Object,string,object[])
UnityEngine.Logger:Log (UnityEngine.LogType,object)
UnityEngine.Debug:LogError (object)
UnityEditor.EditorAssemblies:ProcessInitializeOnLoadAttributes (System.Type[])

Mono: successfully reloaded assembly
- Completed reload, in  2.243 seconds
Domain Reload Profiling:
	ReloadAssembly (2245ms)
		BeginReloadAssembly (223ms)
			ExecutionOrderSort (0ms)
			DisableScriptedObjects (7ms)
			BackupInstance (0ms)
			ReleaseScriptingObjects (0ms)
			CreateAndSetChildDomain (62ms)
		EndReloadAssembly (1890ms)
			LoadAssemblies (168ms)
			RebuildTransferFunctionScriptingTraits (0ms)
			SetupTypeCache (382ms)
			ReleaseScriptCaches (2ms)
			RebuildScriptCaches (72ms)
			SetupLoadedEditorAssemblies (949ms)
				LogAssemblyErrors (0ms)
				InitializePlatformSupportModulesInManaged (29ms)
				SetLoadedEditorAssemblies (1ms)
				RefreshPlugins (1ms)
				BeforeProcessingInitializeOnLoad (135ms)
				ProcessInitializeOnLoadAttributes (674ms)
				ProcessInitializeOnLoadMethodAttributes (97ms)
				AfterProcessingInitializeOnLoad (12ms)
				EditorAssembliesLoaded (0ms)
			ExecutionOrderSort2 (0ms)
			AwakeInstancesAfterBackupRestoration (12ms)
Platform modules already initialized, skipping
Refreshing native plugins compatible for Editor in 10.53 ms, found 4 plugins.
Preloading 0 native plugins for Editor in 0.00 ms.
Unloading 6350 Unused Serialized files (Serialized files now loaded: 0)
Unloading 50 unused Assets / (1.9 MB). Loaded Objects now: 6994.
Memory consumption went from 242.4 MB to 240.5 MB.
Total: 37.948700 ms (FindLiveObjects: 0.843700 ms CreateObjectMapping: 1.807900 ms MarkObjects: 32.868800 ms  DeleteObjects: 2.420800 ms)

AssetImportParameters requested are different than current active one (requested -> active):
  custom:video-decoder-ogg-theora: a1e56fd34408186e4bbccfd4996cb3dc -> 
  custom:container-muxer-webm: aa71ff27fc2769a1b78a27578f13a17b -> 
  custom:container-demuxer-webm: 4f35f7cbe854078d1ac9338744f61a02 -> 
  custom:video-encoder-webm-vp8: eb34c28f22e8b96e1ab97ce403110664 -> 
  custom:audio-encoder-webm-vorbis: bf7c407c2cedff20999df2af8eb42d56 -> 
  custom:framework-win-MediaFoundation: 216162199b28c13a410421893ffa2e32 -> 
  custom:container-demuxer-ogg: 62fdf1f143b41e24485cea50d1cbac27 -> 
  custom:video-decoder-webm-vp8: 9c59270c3fd7afecdb556c50c9e8de78 -> 
  custom:audio-decoder-ogg-vorbis: bf7c407c2cedff20999df2af8eb42d56 -> 
========================================================================
Received Prepare
Registering precompiled user dll's ...
Registered in 0.006708 seconds.
Begin MonoManager ReloadAssembly
Symbol file LoadedFromMemory doesn't match image D:\Utente\ProgettiUnity\AR_Template_Project\Library\PackageCache\com.unity.visualscripting@1.7.8\Editor\VisualScripting.Core\Dependencies\YamlDotNet\Unity.VisualScripting.YamlDotNet.dll
Symbol file LoadedFromMemory doesn't match image D:\Utente\ProgettiUnity\AR_Template_Project\Library\PackageCache\com.unity.visualscripting@1.7.8\Editor\VisualScripting.Core\Dependencies\DotNetZip\Unity.VisualScripting.IonicZip.dll
Native extension for WindowsStandalone target not found
Native extension for Android target not found
Native extension for WebGL target not found
Refreshing native plugins compatible for Editor in 1.19 ms, found 4 plugins.
Preloading 0 native plugins for Editor in 0.00 ms.
System.Exception: Error! Visual Scripting: couldn't find visual scripting package
  at Unity.VisualScripting.PackageVersionUtility.get_version () [0x00025] in D:\Utente\ProgettiUnity\AR_Template_Project\Library\PackageCache\com.unity.visualscripting@1.7.8\Editor\VisualScripting.Core\Utilities\PackageVersionUtility.cs:22 
  at Unity.VisualScripting.BoltCoreManifest.get_version () [0x00000] in D:\Utente\ProgettiUnity\AR_Template_Project\Library\PackageCache\com.unity.visualscripting@1.7.8\Editor\VisualScripting.Core\Plugin\BoltCoreManifest.cs:11 
  at Unity.VisualScripting.PluginManifest.get_currentVersion () [0x00000] in D:\Utente\ProgettiUnity\AR_Template_Project\Library\PackageCache\com.unity.visualscripting@1.7.8\Editor\VisualScripting.Core\Plugins\PluginManifest.cs:33 
  at Unity.VisualScripting.PluginManifest.get_versionMismatch () [0x00000] in D:\Utente\ProgettiUnity\AR_Template_Project\Library\PackageCache\com.unity.visualscripting@1.7.8\Editor\VisualScripting.Core\Plugins\PluginManifest.cs:48 
  at Unity.VisualScripting.PluginContainer.Initialize () [0x0057d] in D:\Utente\ProgettiUnity\AR_Template_Project\Library\PackageCache\com.unity.visualscripting@1.7.8\Editor\VisualScripting.Core\Plugins\PluginContainer.cs:208 
  at Unity.VisualScripting.PluginContainer.InitializeOnLoad () [0x00012] in D:\Utente\ProgettiUnity\AR_Template_Project\Library\PackageCache\com.unity.visualscripting@1.7.8\Editor\VisualScripting.Core\Plugins\PluginContainer.cs:32 
  at Unity.VisualScripting.VSUsageUtility.DoInitializeOnLoadCalls () [0x00044] in D:\Utente\ProgettiUnity\AR_Template_Project\Library\PackageCache\com.unity.visualscripting@1.7.8\Editor\VisualScripting.Core\Utilities\VSUsageUtility.cs:76 
  at Unity.VisualScripting.VSUsageUtility.set_isVisualScriptingUsed (System.Boolean value) [0x00037] in D:\Utente\ProgettiUnity\AR_Template_Project\Library\PackageCache\com.unity.visualscripting@1.7.8\Editor\VisualScripting.Core\Utilities\VSUsageUtility.cs:114 
  at Unity.VisualScripting.VSUsageUtility.CheckAndSetIsVisualScriptingUsed () [0x00013] in D:\Utente\ProgettiUnity\AR_Template_Project\Library\PackageCache\com.unity.visualscripting@1.7.8\Editor\VisualScripting.Core\Utilities\VSUsageUtility.cs:33 
  at Unity.VisualScripting.VSUsageUtility..cctor () [0x0000d] in D:\Utente\ProgettiUnity\AR_Template_Project\Library\PackageCache\com.unity.visualscripting@1.7.8\Editor\VisualScripting.Core\Utilities\VSUsageUtility.cs:22 
UnityEngine.StackTraceUtility:ExtractStackTrace ()
UnityEngine.DebugLogHandler:LogFormat (UnityEngine.LogType,UnityEngine.Object,string,object[])
UnityEngine.Logger:Log (UnityEngine.LogType,object)
UnityEngine.Debug:LogError (object)
UnityEditor.EditorAssemblies:ProcessInitializeOnLoadAttributes (System.Type[])

Mono: successfully reloaded assembly
- Completed reload, in  2.576 seconds
Domain Reload Profiling:
	ReloadAssembly (2577ms)
		BeginReloadAssembly (200ms)
			ExecutionOrderSort (0ms)
			DisableScriptedObjects (5ms)
			BackupInstance (0ms)
			ReleaseScriptingObjects (0ms)
			CreateAndSetChildDomain (63ms)
		EndReloadAssembly (2260ms)
			LoadAssemblies (234ms)
			RebuildTransferFunctionScriptingTraits (0ms)
			SetupTypeCache (425ms)
			ReleaseScriptCaches (3ms)
			RebuildScriptCaches (61ms)
			SetupLoadedEditorAssemblies (1153ms)
				LogAssemblyErrors (1ms)
				InitializePlatformSupportModulesInManaged (29ms)
				SetLoadedEditorAssemblies (1ms)
				RefreshPlugins (1ms)
				BeforeProcessingInitializeOnLoad (128ms)
				ProcessInitializeOnLoadAttributes (835ms)
				ProcessInitializeOnLoadMethodAttributes (142ms)
				AfterProcessingInitializeOnLoad (15ms)
				EditorAssembliesLoaded (0ms)
			ExecutionOrderSort2 (0ms)
			AwakeInstancesAfterBackupRestoration (12ms)
Platform modules already initialized, skipping
Refreshing native plugins compatible for Editor in 2.64 ms, found 4 plugins.
Preloading 0 native plugins for Editor in 0.00 ms.
Unloading 6350 Unused Serialized files (Serialized files now loaded: 0)
Unloading 50 unused Assets / (2.0 MB). Loaded Objects now: 6999.
Memory consumption went from 242.6 MB to 240.6 MB.
Total: 14.053800 ms (FindLiveObjects: 0.513200 ms CreateObjectMapping: 0.520400 ms MarkObjects: 11.998300 ms  DeleteObjects: 1.021000 ms)

AssetImportParameters requested are different than current active one (requested -> active):
  custom:video-decoder-ogg-theora: a1e56fd34408186e4bbccfd4996cb3dc -> 
  custom:container-muxer-webm: aa71ff27fc2769a1b78a27578f13a17b -> 
  custom:container-demuxer-webm: 4f35f7cbe854078d1ac9338744f61a02 -> 
  custom:video-encoder-webm-vp8: eb34c28f22e8b96e1ab97ce403110664 -> 
  custom:audio-encoder-webm-vorbis: bf7c407c2cedff20999df2af8eb42d56 -> 
  custom:framework-win-MediaFoundation: 216162199b28c13a410421893ffa2e32 -> 
  custom:container-demuxer-ogg: 62fdf1f143b41e24485cea50d1cbac27 -> 
  custom:video-decoder-webm-vp8: 9c59270c3fd7afecdb556c50c9e8de78 -> 
  custom:audio-decoder-ogg-vorbis: bf7c407c2cedff20999df2af8eb42d56 -> 
========================================================================
Received Prepare
Registering precompiled user dll's ...
Registered in 0.006773 seconds.
Begin MonoManager ReloadAssembly
Symbol file LoadedFromMemory doesn't match image D:\Utente\ProgettiUnity\AR_Template_Project\Library\PackageCache\com.unity.visualscripting@1.7.8\Editor\VisualScripting.Core\Dependencies\YamlDotNet\Unity.VisualScripting.YamlDotNet.dll
Symbol file LoadedFromMemory doesn't match image D:\Utente\ProgettiUnity\AR_Template_Project\Library\PackageCache\com.unity.visualscripting@1.7.8\Editor\VisualScripting.Core\Dependencies\DotNetZip\Unity.VisualScripting.IonicZip.dll
Native extension for WindowsStandalone target not found
Native extension for Android target not found
Native extension for WebGL target not found
Refreshing native plugins compatible for Editor in 3.34 ms, found 4 plugins.
Preloading 0 native plugins for Editor in 0.00 ms.
System.Exception: Error! Visual Scripting: couldn't find visual scripting package
  at Unity.VisualScripting.PackageVersionUtility.get_version () [0x00025] in D:\Utente\ProgettiUnity\AR_Template_Project\Library\PackageCache\com.unity.visualscripting@1.7.8\Editor\VisualScripting.Core\Utilities\PackageVersionUtility.cs:22 
  at Unity.VisualScripting.BoltCoreManifest.get_version () [0x00000] in D:\Utente\ProgettiUnity\AR_Template_Project\Library\PackageCache\com.unity.visualscripting@1.7.8\Editor\VisualScripting.Core\Plugin\BoltCoreManifest.cs:11 
  at Unity.VisualScripting.PluginManifest.get_currentVersion () [0x00000] in D:\Utente\ProgettiUnity\AR_Template_Project\Library\PackageCache\com.unity.visualscripting@1.7.8\Editor\VisualScripting.Core\Plugins\PluginManifest.cs:33 
  at Unity.VisualScripting.PluginManifest.get_versionMismatch () [0x00000] in D:\Utente\ProgettiUnity\AR_Template_Project\Library\PackageCache\com.unity.visualscripting@1.7.8\Editor\VisualScripting.Core\Plugins\PluginManifest.cs:48 
  at Unity.VisualScripting.PluginContainer.Initialize () [0x0057d] in D:\Utente\ProgettiUnity\AR_Template_Project\Library\PackageCache\com.unity.visualscripting@1.7.8\Editor\VisualScripting.Core\Plugins\PluginContainer.cs:208 
  at Unity.VisualScripting.PluginContainer.InitializeOnLoad () [0x00012] in D:\Utente\ProgettiUnity\AR_Template_Project\Library\PackageCache\com.unity.visualscripting@1.7.8\Editor\VisualScripting.Core\Plugins\PluginContainer.cs:32 
  at Unity.VisualScripting.VSUsageUtility.DoInitializeOnLoadCalls () [0x00044] in D:\Utente\ProgettiUnity\AR_Template_Project\Library\PackageCache\com.unity.visualscripting@1.7.8\Editor\VisualScripting.Core\Utilities\VSUsageUtility.cs:76 
  at Unity.VisualScripting.VSUsageUtility.set_isVisualScriptingUsed (System.Boolean value) [0x00037] in D:\Utente\ProgettiUnity\AR_Template_Project\Library\PackageCache\com.unity.visualscripting@1.7.8\Editor\VisualScripting.Core\Utilities\VSUsageUtility.cs:114 
  at Unity.VisualScripting.VSUsageUtility.CheckAndSetIsVisualScriptingUsed () [0x00013] in D:\Utente\ProgettiUnity\AR_Template_Project\Library\PackageCache\com.unity.visualscripting@1.7.8\Editor\VisualScripting.Core\Utilities\VSUsageUtility.cs:33 
  at Unity.VisualScripting.VSUsageUtility..cctor () [0x0000d] in D:\Utente\ProgettiUnity\AR_Template_Project\Library\PackageCache\com.unity.visualscripting@1.7.8\Editor\VisualScripting.Core\Utilities\VSUsageUtility.cs:22 
UnityEngine.StackTraceUtility:ExtractStackTrace ()
UnityEngine.DebugLogHandler:LogFormat (UnityEngine.LogType,UnityEngine.Object,string,object[])
UnityEngine.Logger:Log (UnityEngine.LogType,object)
UnityEngine.Debug:LogError (object)
UnityEditor.EditorAssemblies:ProcessInitializeOnLoadAttributes (System.Type[])

Mono: successfully reloaded assembly
- Completed reload, in  2.261 seconds
Domain Reload Profiling:
	ReloadAssembly (2262ms)
		BeginReloadAssembly (178ms)
			ExecutionOrderSort (0ms)
			DisableScriptedObjects (5ms)
			BackupInstance (0ms)
			ReleaseScriptingObjects (0ms)
			CreateAndSetChildDomain (49ms)
		EndReloadAssembly (1983ms)
			LoadAssemblies (178ms)
			RebuildTransferFunctionScriptingTraits (0ms)
			SetupTypeCache (367ms)
			ReleaseScriptCaches (2ms)
			RebuildScriptCaches (58ms)
			SetupLoadedEditorAssemblies (1021ms)
				LogAssemblyErrors (0ms)
				InitializePlatformSupportModulesInManaged (42ms)
				SetLoadedEditorAssemblies (3ms)
				RefreshPlugins (3ms)
				BeforeProcessingInitializeOnLoad (129ms)
				ProcessInitializeOnLoadAttributes (704ms)
				ProcessInitializeOnLoadMethodAttributes (117ms)
				AfterProcessingInitializeOnLoad (22ms)
				EditorAssembliesLoaded (1ms)
			ExecutionOrderSort2 (0ms)
			AwakeInstancesAfterBackupRestoration (20ms)
Platform modules already initialized, skipping
Refreshing native plugins compatible for Editor in 3.69 ms, found 4 plugins.
Preloading 0 native plugins for Editor in 0.00 ms.
Unloading 6350 Unused Serialized files (Serialized files now loaded: 0)
Unloading 50 unused Assets / (1.9 MB). Loaded Objects now: 7004.
Memory consumption went from 242.6 MB to 240.6 MB.
Total: 53.718600 ms (FindLiveObjects: 2.347900 ms CreateObjectMapping: 3.470500 ms MarkObjects: 34.311500 ms  DeleteObjects: 13.587800 ms)

AssetImportParameters requested are different than current active one (requested -> active):
  custom:video-decoder-ogg-theora: a1e56fd34408186e4bbccfd4996cb3dc -> 
  custom:container-muxer-webm: aa71ff27fc2769a1b78a27578f13a17b -> 
  custom:container-demuxer-webm: 4f35f7cbe854078d1ac9338744f61a02 -> 
  custom:video-encoder-webm-vp8: eb34c28f22e8b96e1ab97ce403110664 -> 
  custom:audio-encoder-webm-vorbis: bf7c407c2cedff20999df2af8eb42d56 -> 
  custom:framework-win-MediaFoundation: 216162199b28c13a410421893ffa2e32 -> 
  custom:container-demuxer-ogg: 62fdf1f143b41e24485cea50d1cbac27 -> 
  custom:video-decoder-webm-vp8: 9c59270c3fd7afecdb556c50c9e8de78 -> 
  custom:audio-decoder-ogg-vorbis: bf7c407c2cedff20999df2af8eb42d56 -> 
========================================================================
Received Import Request.
  Time since last request: 1965.359352 seconds.
  path: Assets/Scripts/SliderClusterModel.cs
  artifactKey: Guid(d27dd9fd142184b4986ba5b6126ebf9b) Importer(815301076,1909f56bfc062723c751e8b465ee728b)
Start importing Assets/Scripts/SliderClusterModel.cs using Guid(d27dd9fd142184b4986ba5b6126ebf9b) Importer(815301076,1909f56bfc062723c751e8b465ee728b)  -> (artifact id: '1f25da69fb1f92165be41c2cd9d0957c') in 0.019763 seconds 
========================================================================
Received Prepare
Registering precompiled user dll's ...
Registered in 0.006562 seconds.
Begin MonoManager ReloadAssembly
Symbol file LoadedFromMemory doesn't match image D:\Utente\ProgettiUnity\AR_Template_Project\Library\PackageCache\com.unity.visualscripting@1.7.8\Editor\VisualScripting.Core\Dependencies\YamlDotNet\Unity.VisualScripting.YamlDotNet.dll
Symbol file LoadedFromMemory doesn't match image D:\Utente\ProgettiUnity\AR_Template_Project\Library\PackageCache\com.unity.visualscripting@1.7.8\Editor\VisualScripting.Core\Dependencies\DotNetZip\Unity.VisualScripting.IonicZip.dll
Native extension for WindowsStandalone target not found
Native extension for Android target not found
Native extension for WebGL target not found
Refreshing native plugins compatible for Editor in 0.91 ms, found 4 plugins.
Preloading 0 native plugins for Editor in 0.00 ms.
System.Exception: Error! Visual Scripting: couldn't find visual scripting package
  at Unity.VisualScripting.PackageVersionUtility.get_version () [0x00025] in D:\Utente\ProgettiUnity\AR_Template_Project\Library\PackageCache\com.unity.visualscripting@1.7.8\Editor\VisualScripting.Core\Utilities\PackageVersionUtility.cs:22 
  at Unity.VisualScripting.BoltCoreManifest.get_version () [0x00000] in D:\Utente\ProgettiUnity\AR_Template_Project\Library\PackageCache\com.unity.visualscripting@1.7.8\Editor\VisualScripting.Core\Plugin\BoltCoreManifest.cs:11 
  at Unity.VisualScripting.PluginManifest.get_currentVersion () [0x00000] in D:\Utente\ProgettiUnity\AR_Template_Project\Library\PackageCache\com.unity.visualscripting@1.7.8\Editor\VisualScripting.Core\Plugins\PluginManifest.cs:33 
  at Unity.VisualScripting.PluginManifest.get_versionMismatch () [0x00000] in D:\Utente\ProgettiUnity\AR_Template_Project\Library\PackageCache\com.unity.visualscripting@1.7.8\Editor\VisualScripting.Core\Plugins\PluginManifest.cs:48 
  at Unity.VisualScripting.PluginContainer.Initialize () [0x0057d] in D:\Utente\ProgettiUnity\AR_Template_Project\Library\PackageCache\com.unity.visualscripting@1.7.8\Editor\VisualScripting.Core\Plugins\PluginContainer.cs:208 
  at Unity.VisualScripting.PluginContainer.InitializeOnLoad () [0x00012] in D:\Utente\ProgettiUnity\AR_Template_Project\Library\PackageCache\com.unity.visualscripting@1.7.8\Editor\VisualScripting.Core\Plugins\PluginContainer.cs:32 
  at Unity.VisualScripting.VSUsageUtility.DoInitializeOnLoadCalls () [0x00044] in D:\Utente\ProgettiUnity\AR_Template_Project\Library\PackageCache\com.unity.visualscripting@1.7.8\Editor\VisualScripting.Core\Utilities\VSUsageUtility.cs:76 
  at Unity.VisualScripting.VSUsageUtility.set_isVisualScriptingUsed (System.Boolean value) [0x00037] in D:\Utente\ProgettiUnity\AR_Template_Project\Library\PackageCache\com.unity.visualscripting@1.7.8\Editor\VisualScripting.Core\Utilities\VSUsageUtility.cs:114 
  at Unity.VisualScripting.VSUsageUtility.CheckAndSetIsVisualScriptingUsed () [0x00013] in D:\Utente\ProgettiUnity\AR_Template_Project\Library\PackageCache\com.unity.visualscripting@1.7.8\Editor\VisualScripting.Core\Utilities\VSUsageUtility.cs:33 
  at Unity.VisualScripting.VSUsageUtility..cctor () [0x0000d] in D:\Utente\ProgettiUnity\AR_Template_Project\Library\PackageCache\com.unity.visualscripting@1.7.8\Editor\VisualScripting.Core\Utilities\VSUsageUtility.cs:22 
UnityEngine.StackTraceUtility:ExtractStackTrace ()
UnityEngine.DebugLogHandler:LogFormat (UnityEngine.LogType,UnityEngine.Object,string,object[])
UnityEngine.Logger:Log (UnityEngine.LogType,object)
UnityEngine.Debug:LogError (object)
UnityEditor.EditorAssemblies:ProcessInitializeOnLoadAttributes (System.Type[])

Mono: successfully reloaded assembly
- Completed reload, in  2.360 seconds
Domain Reload Profiling:
	ReloadAssembly (2361ms)
		BeginReloadAssembly (278ms)
			ExecutionOrderSort (0ms)
			DisableScriptedObjects (5ms)
			BackupInstance (0ms)
			ReleaseScriptingObjects (0ms)
			CreateAndSetChildDomain (49ms)
		EndReloadAssembly (1941ms)
			LoadAssemblies (223ms)
			RebuildTransferFunctionScriptingTraits (0ms)
			SetupTypeCache (638ms)
			ReleaseScriptCaches (2ms)
			RebuildScriptCaches (50ms)
			SetupLoadedEditorAssemblies (728ms)
				LogAssemblyErrors (0ms)
				InitializePlatformSupportModulesInManaged (24ms)
				SetLoadedEditorAssemblies (0ms)
				RefreshPlugins (1ms)
				BeforeProcessingInitializeOnLoad (114ms)
				ProcessInitializeOnLoadAttributes (485ms)
				ProcessInitializeOnLoadMethodAttributes (90ms)
				AfterProcessingInitializeOnLoad (12ms)
				EditorAssembliesLoaded (0ms)
			ExecutionOrderSort2 (0ms)
			AwakeInstancesAfterBackupRestoration (10ms)
Platform modules already initialized, skipping
Refreshing native plugins compatible for Editor in 2.61 ms, found 4 plugins.
Preloading 0 native plugins for Editor in 0.00 ms.
Unloading 6350 Unused Serialized files (Serialized files now loaded: 0)
Unloading 50 unused Assets / (2.0 MB). Loaded Objects now: 7009.
Memory consumption went from 242.6 MB to 240.6 MB.
Total: 12.286400 ms (FindLiveObjects: 0.495200 ms CreateObjectMapping: 0.490700 ms MarkObjects: 10.451900 ms  DeleteObjects: 0.847900 ms)

AssetImportParameters requested are different than current active one (requested -> active):
  custom:video-decoder-ogg-theora: a1e56fd34408186e4bbccfd4996cb3dc -> 
  custom:container-muxer-webm: aa71ff27fc2769a1b78a27578f13a17b -> 
  custom:container-demuxer-webm: 4f35f7cbe854078d1ac9338744f61a02 -> 
  custom:video-encoder-webm-vp8: eb34c28f22e8b96e1ab97ce403110664 -> 
  custom:audio-encoder-webm-vorbis: bf7c407c2cedff20999df2af8eb42d56 -> 
  custom:framework-win-MediaFoundation: 216162199b28c13a410421893ffa2e32 -> 
  custom:container-demuxer-ogg: 62fdf1f143b41e24485cea50d1cbac27 -> 
  custom:video-decoder-webm-vp8: 9c59270c3fd7afecdb556c50c9e8de78 -> 
  custom:audio-decoder-ogg-vorbis: bf7c407c2cedff20999df2af8eb42d56 -> 
========================================================================
Received Prepare
Registering precompiled user dll's ...
Registered in 0.006119 seconds.
Begin MonoManager ReloadAssembly
Symbol file LoadedFromMemory doesn't match image D:\Utente\ProgettiUnity\AR_Template_Project\Library\PackageCache\com.unity.visualscripting@1.7.8\Editor\VisualScripting.Core\Dependencies\YamlDotNet\Unity.VisualScripting.YamlDotNet.dll
Symbol file LoadedFromMemory doesn't match image D:\Utente\ProgettiUnity\AR_Template_Project\Library\PackageCache\com.unity.visualscripting@1.7.8\Editor\VisualScripting.Core\Dependencies\DotNetZip\Unity.VisualScripting.IonicZip.dll
Native extension for WindowsStandalone target not found
Native extension for Android target not found
Native extension for WebGL target not found
Refreshing native plugins compatible for Editor in 1.08 ms, found 4 plugins.
Preloading 0 native plugins for Editor in 0.00 ms.
System.Exception: Error! Visual Scripting: couldn't find visual scripting package
  at Unity.VisualScripting.PackageVersionUtility.get_version () [0x00025] in D:\Utente\ProgettiUnity\AR_Template_Project\Library\PackageCache\com.unity.visualscripting@1.7.8\Editor\VisualScripting.Core\Utilities\PackageVersionUtility.cs:22 
  at Unity.VisualScripting.BoltCoreManifest.get_version () [0x00000] in D:\Utente\ProgettiUnity\AR_Template_Project\Library\PackageCache\com.unity.visualscripting@1.7.8\Editor\VisualScripting.Core\Plugin\BoltCoreManifest.cs:11 
  at Unity.VisualScripting.PluginManifest.get_currentVersion () [0x00000] in D:\Utente\ProgettiUnity\AR_Template_Project\Library\PackageCache\com.unity.visualscripting@1.7.8\Editor\VisualScripting.Core\Plugins\PluginManifest.cs:33 
  at Unity.VisualScripting.PluginManifest.get_versionMismatch () [0x00000] in D:\Utente\ProgettiUnity\AR_Template_Project\Library\PackageCache\com.unity.visualscripting@1.7.8\Editor\VisualScripting.Core\Plugins\PluginManifest.cs:48 
  at Unity.VisualScripting.PluginContainer.Initialize () [0x0057d] in D:\Utente\ProgettiUnity\AR_Template_Project\Library\PackageCache\com.unity.visualscripting@1.7.8\Editor\VisualScripting.Core\Plugins\PluginContainer.cs:208 
  at Unity.VisualScripting.PluginContainer.InitializeOnLoad () [0x00012] in D:\Utente\ProgettiUnity\AR_Template_Project\Library\PackageCache\com.unity.visualscripting@1.7.8\Editor\VisualScripting.Core\Plugins\PluginContainer.cs:32 
  at Unity.VisualScripting.VSUsageUtility.DoInitializeOnLoadCalls () [0x00044] in D:\Utente\ProgettiUnity\AR_Template_Project\Library\PackageCache\com.unity.visualscripting@1.7.8\Editor\VisualScripting.Core\Utilities\VSUsageUtility.cs:76 
  at Unity.VisualScripting.VSUsageUtility.set_isVisualScriptingUsed (System.Boolean value) [0x00037] in D:\Utente\ProgettiUnity\AR_Template_Project\Library\PackageCache\com.unity.visualscripting@1.7.8\Editor\VisualScripting.Core\Utilities\VSUsageUtility.cs:114 
  at Unity.VisualScripting.VSUsageUtility.CheckAndSetIsVisualScriptingUsed () [0x00013] in D:\Utente\ProgettiUnity\AR_Template_Project\Library\PackageCache\com.unity.visualscripting@1.7.8\Editor\VisualScripting.Core\Utilities\VSUsageUtility.cs:33 
  at Unity.VisualScripting.VSUsageUtility..cctor () [0x0000d] in D:\Utente\ProgettiUnity\AR_Template_Project\Library\PackageCache\com.unity.visualscripting@1.7.8\Editor\VisualScripting.Core\Utilities\VSUsageUtility.cs:22 
UnityEngine.StackTraceUtility:ExtractStackTrace ()
UnityEngine.DebugLogHandler:LogFormat (UnityEngine.LogType,UnityEngine.Object,string,object[])
UnityEngine.Logger:Log (UnityEngine.LogType,object)
UnityEngine.Debug:LogError (object)
UnityEditor.EditorAssemblies:ProcessInitializeOnLoadAttributes (System.Type[])

Mono: successfully reloaded assembly
- Completed reload, in  2.624 seconds
Domain Reload Profiling:
	ReloadAssembly (2625ms)
		BeginReloadAssembly (188ms)
			ExecutionOrderSort (0ms)
			DisableScriptedObjects (6ms)
			BackupInstance (0ms)
			ReleaseScriptingObjects (0ms)
			CreateAndSetChildDomain (52ms)
		EndReloadAssembly (2315ms)
			LoadAssemblies (186ms)
			RebuildTransferFunctionScriptingTraits (0ms)
			SetupTypeCache (501ms)
			ReleaseScriptCaches (3ms)
			RebuildScriptCaches (80ms)
			SetupLoadedEditorAssemblies (1144ms)
				LogAssemblyErrors (0ms)
				InitializePlatformSupportModulesInManaged (26ms)
				SetLoadedEditorAssemblies (1ms)
				RefreshPlugins (1ms)
				BeforeProcessingInitializeOnLoad (129ms)
				ProcessInitializeOnLoadAttributes (827ms)
				ProcessInitializeOnLoadMethodAttributes (141ms)
				AfterProcessingInitializeOnLoad (20ms)
				EditorAssembliesLoaded (0ms)
			ExecutionOrderSort2 (0ms)
			AwakeInstancesAfterBackupRestoration (12ms)
Platform modules already initialized, skipping
Refreshing native plugins compatible for Editor in 2.71 ms, found 4 plugins.
Preloading 0 native plugins for Editor in 0.00 ms.
Unloading 6350 Unused Serialized files (Serialized files now loaded: 0)
Unloading 50 unused Assets / (1.9 MB). Loaded Objects now: 7014.
Memory consumption went from 242.5 MB to 240.6 MB.
Total: 14.341600 ms (FindLiveObjects: 0.463800 ms CreateObjectMapping: 0.504300 ms MarkObjects: 12.345600 ms  DeleteObjects: 1.027000 ms)

AssetImportParameters requested are different than current active one (requested -> active):
  custom:video-decoder-ogg-theora: a1e56fd34408186e4bbccfd4996cb3dc -> 
  custom:container-muxer-webm: aa71ff27fc2769a1b78a27578f13a17b -> 
  custom:container-demuxer-webm: 4f35f7cbe854078d1ac9338744f61a02 -> 
  custom:video-encoder-webm-vp8: eb34c28f22e8b96e1ab97ce403110664 -> 
  custom:audio-encoder-webm-vorbis: bf7c407c2cedff20999df2af8eb42d56 -> 
  custom:framework-win-MediaFoundation: 216162199b28c13a410421893ffa2e32 -> 
  custom:container-demuxer-ogg: 62fdf1f143b41e24485cea50d1cbac27 -> 
  custom:video-decoder-webm-vp8: 9c59270c3fd7afecdb556c50c9e8de78 -> 
  custom:audio-decoder-ogg-vorbis: bf7c407c2cedff20999df2af8eb42d56 -> 
========================================================================
Received Prepare
Registering precompiled user dll's ...
Registered in 0.006317 seconds.
Begin MonoManager ReloadAssembly
Symbol file LoadedFromMemory doesn't match image D:\Utente\ProgettiUnity\AR_Template_Project\Library\PackageCache\com.unity.visualscripting@1.7.8\Editor\VisualScripting.Core\Dependencies\YamlDotNet\Unity.VisualScripting.YamlDotNet.dll
Symbol file LoadedFromMemory doesn't match image D:\Utente\ProgettiUnity\AR_Template_Project\Library\PackageCache\com.unity.visualscripting@1.7.8\Editor\VisualScripting.Core\Dependencies\DotNetZip\Unity.VisualScripting.IonicZip.dll
Native extension for WindowsStandalone target not found
Native extension for Android target not found
Native extension for WebGL target not found
Refreshing native plugins compatible for Editor in 1.22 ms, found 4 plugins.
Preloading 0 native plugins for Editor in 0.00 ms.
System.Exception: Error! Visual Scripting: couldn't find visual scripting package
  at Unity.VisualScripting.PackageVersionUtility.get_version () [0x00025] in D:\Utente\ProgettiUnity\AR_Template_Project\Library\PackageCache\com.unity.visualscripting@1.7.8\Editor\VisualScripting.Core\Utilities\PackageVersionUtility.cs:22 
  at Unity.VisualScripting.BoltCoreManifest.get_version () [0x00000] in D:\Utente\ProgettiUnity\AR_Template_Project\Library\PackageCache\com.unity.visualscripting@1.7.8\Editor\VisualScripting.Core\Plugin\BoltCoreManifest.cs:11 
  at Unity.VisualScripting.PluginManifest.get_currentVersion () [0x00000] in D:\Utente\ProgettiUnity\AR_Template_Project\Library\PackageCache\com.unity.visualscripting@1.7.8\Editor\VisualScripting.Core\Plugins\PluginManifest.cs:33 
  at Unity.VisualScripting.PluginManifest.get_versionMismatch () [0x00000] in D:\Utente\ProgettiUnity\AR_Template_Project\Library\PackageCache\com.unity.visualscripting@1.7.8\Editor\VisualScripting.Core\Plugins\PluginManifest.cs:48 
  at Unity.VisualScripting.PluginContainer.Initialize () [0x0057d] in D:\Utente\ProgettiUnity\AR_Template_Project\Library\PackageCache\com.unity.visualscripting@1.7.8\Editor\VisualScripting.Core\Plugins\PluginContainer.cs:208 
  at Unity.VisualScripting.PluginContainer.InitializeOnLoad () [0x00012] in D:\Utente\ProgettiUnity\AR_Template_Project\Library\PackageCache\com.unity.visualscripting@1.7.8\Editor\VisualScripting.Core\Plugins\PluginContainer.cs:32 
  at Unity.VisualScripting.VSUsageUtility.DoInitializeOnLoadCalls () [0x00044] in D:\Utente\ProgettiUnity\AR_Template_Project\Library\PackageCache\com.unity.visualscripting@1.7.8\Editor\VisualScripting.Core\Utilities\VSUsageUtility.cs:76 
  at Unity.VisualScripting.VSUsageUtility.set_isVisualScriptingUsed (System.Boolean value) [0x00037] in D:\Utente\ProgettiUnity\AR_Template_Project\Library\PackageCache\com.unity.visualscripting@1.7.8\Editor\VisualScripting.Core\Utilities\VSUsageUtility.cs:114 
  at Unity.VisualScripting.VSUsageUtility.CheckAndSetIsVisualScriptingUsed () [0x00013] in D:\Utente\ProgettiUnity\AR_Template_Project\Library\PackageCache\com.unity.visualscripting@1.7.8\Editor\VisualScripting.Core\Utilities\VSUsageUtility.cs:33 
  at Unity.VisualScripting.VSUsageUtility..cctor () [0x0000d] in D:\Utente\ProgettiUnity\AR_Template_Project\Library\PackageCache\com.unity.visualscripting@1.7.8\Editor\VisualScripting.Core\Utilities\VSUsageUtility.cs:22 
UnityEngine.StackTraceUtility:ExtractStackTrace ()
UnityEngine.DebugLogHandler:LogFormat (UnityEngine.LogType,UnityEngine.Object,string,object[])
UnityEngine.Logger:Log (UnityEngine.LogType,object)
UnityEngine.Debug:LogError (object)
UnityEditor.EditorAssemblies:ProcessInitializeOnLoadAttributes (System.Type[])

Mono: successfully reloaded assembly
- Completed reload, in  2.173 seconds
Domain Reload Profiling:
	ReloadAssembly (2174ms)
		BeginReloadAssembly (183ms)
			ExecutionOrderSort (0ms)
			DisableScriptedObjects (5ms)
			BackupInstance (0ms)
			ReleaseScriptingObjects (0ms)
			CreateAndSetChildDomain (51ms)
		EndReloadAssembly (1875ms)
			LoadAssemblies (128ms)
			RebuildTransferFunctionScriptingTraits (0ms)
			SetupTypeCache (383ms)
			ReleaseScriptCaches (2ms)
			RebuildScriptCaches (63ms)
			SetupLoadedEditorAssemblies (928ms)
				LogAssemblyErrors (0ms)
				InitializePlatformSupportModulesInManaged (30ms)
				SetLoadedEditorAssemblies (1ms)
				RefreshPlugins (1ms)
				BeforeProcessingInitializeOnLoad (132ms)
				ProcessInitializeOnLoadAttributes (641ms)
				ProcessInitializeOnLoadMethodAttributes (101ms)
				AfterProcessingInitializeOnLoad (22ms)
				EditorAssembliesLoaded (1ms)
			ExecutionOrderSort2 (0ms)
			AwakeInstancesAfterBackupRestoration (23ms)
Platform modules already initialized, skipping
Refreshing native plugins compatible for Editor in 2.96 ms, found 4 plugins.
Preloading 0 native plugins for Editor in 0.00 ms.
Unloading 6350 Unused Serialized files (Serialized files now loaded: 0)
Unloading 50 unused Assets / (2.0 MB). Loaded Objects now: 7019.
Memory consumption went from 242.6 MB to 240.6 MB.
Total: 16.115500 ms (FindLiveObjects: 0.483200 ms CreateObjectMapping: 0.493500 ms MarkObjects: 13.881400 ms  DeleteObjects: 1.256500 ms)

AssetImportParameters requested are different than current active one (requested -> active):
  custom:video-decoder-ogg-theora: a1e56fd34408186e4bbccfd4996cb3dc -> 
  custom:container-muxer-webm: aa71ff27fc2769a1b78a27578f13a17b -> 
  custom:container-demuxer-webm: 4f35f7cbe854078d1ac9338744f61a02 -> 
  custom:video-encoder-webm-vp8: eb34c28f22e8b96e1ab97ce403110664 -> 
  custom:audio-encoder-webm-vorbis: bf7c407c2cedff20999df2af8eb42d56 -> 
  custom:framework-win-MediaFoundation: 216162199b28c13a410421893ffa2e32 -> 
  custom:container-demuxer-ogg: 62fdf1f143b41e24485cea50d1cbac27 -> 
  custom:video-decoder-webm-vp8: 9c59270c3fd7afecdb556c50c9e8de78 -> 
  custom:audio-decoder-ogg-vorbis: bf7c407c2cedff20999df2af8eb42d56 -> 
========================================================================
Received Prepare
Registering precompiled user dll's ...
Registered in 0.008164 seconds.
Begin MonoManager ReloadAssembly
Symbol file LoadedFromMemory doesn't match image D:\Utente\ProgettiUnity\AR_Template_Project\Library\PackageCache\com.unity.visualscripting@1.7.8\Editor\VisualScripting.Core\Dependencies\YamlDotNet\Unity.VisualScripting.YamlDotNet.dll
Symbol file LoadedFromMemory doesn't match image D:\Utente\ProgettiUnity\AR_Template_Project\Library\PackageCache\com.unity.visualscripting@1.7.8\Editor\VisualScripting.Core\Dependencies\DotNetZip\Unity.VisualScripting.IonicZip.dll
Native extension for WindowsStandalone target not found
Native extension for Android target not found
Native extension for WebGL target not found
Refreshing native plugins compatible for Editor in 1.18 ms, found 4 plugins.
Preloading 0 native plugins for Editor in 0.00 ms.
System.Exception: Error! Visual Scripting: couldn't find visual scripting package
  at Unity.VisualScripting.PackageVersionUtility.get_version () [0x00025] in D:\Utente\ProgettiUnity\AR_Template_Project\Library\PackageCache\com.unity.visualscripting@1.7.8\Editor\VisualScripting.Core\Utilities\PackageVersionUtility.cs:22 
  at Unity.VisualScripting.BoltCoreManifest.get_version () [0x00000] in D:\Utente\ProgettiUnity\AR_Template_Project\Library\PackageCache\com.unity.visualscripting@1.7.8\Editor\VisualScripting.Core\Plugin\BoltCoreManifest.cs:11 
  at Unity.VisualScripting.PluginManifest.get_currentVersion () [0x00000] in D:\Utente\ProgettiUnity\AR_Template_Project\Library\PackageCache\com.unity.visualscripting@1.7.8\Editor\VisualScripting.Core\Plugins\PluginManifest.cs:33 
  at Unity.VisualScripting.PluginManifest.get_versionMismatch () [0x00000] in D:\Utente\ProgettiUnity\AR_Template_Project\Library\PackageCache\com.unity.visualscripting@1.7.8\Editor\VisualScripting.Core\Plugins\PluginManifest.cs:48 
  at Unity.VisualScripting.PluginContainer.Initialize () [0x0057d] in D:\Utente\ProgettiUnity\AR_Template_Project\Library\PackageCache\com.unity.visualscripting@1.7.8\Editor\VisualScripting.Core\Plugins\PluginContainer.cs:208 
  at Unity.VisualScripting.PluginContainer.InitializeOnLoad () [0x00012] in D:\Utente\ProgettiUnity\AR_Template_Project\Library\PackageCache\com.unity.visualscripting@1.7.8\Editor\VisualScripting.Core\Plugins\PluginContainer.cs:32 
  at Unity.VisualScripting.VSUsageUtility.DoInitializeOnLoadCalls () [0x00044] in D:\Utente\ProgettiUnity\AR_Template_Project\Library\PackageCache\com.unity.visualscripting@1.7.8\Editor\VisualScripting.Core\Utilities\VSUsageUtility.cs:76 
  at Unity.VisualScripting.VSUsageUtility.set_isVisualScriptingUsed (System.Boolean value) [0x00037] in D:\Utente\ProgettiUnity\AR_Template_Project\Library\PackageCache\com.unity.visualscripting@1.7.8\Editor\VisualScripting.Core\Utilities\VSUsageUtility.cs:114 
  at Unity.VisualScripting.VSUsageUtility.CheckAndSetIsVisualScriptingUsed () [0x00013] in D:\Utente\ProgettiUnity\AR_Template_Project\Library\PackageCache\com.unity.visualscripting@1.7.8\Editor\VisualScripting.Core\Utilities\VSUsageUtility.cs:33 
  at Unity.VisualScripting.VSUsageUtility..cctor () [0x0000d] in D:\Utente\ProgettiUnity\AR_Template_Project\Library\PackageCache\com.unity.visualscripting@1.7.8\Editor\VisualScripting.Core\Utilities\VSUsageUtility.cs:22 
UnityEngine.StackTraceUtility:ExtractStackTrace ()
UnityEngine.DebugLogHandler:LogFormat (UnityEngine.LogType,UnityEngine.Object,string,object[])
UnityEngine.Logger:Log (UnityEngine.LogType,object)
UnityEngine.Debug:LogError (object)
UnityEditor.EditorAssemblies:ProcessInitializeOnLoadAttributes (System.Type[])

Mono: successfully reloaded assembly
- Completed reload, in  2.331 seconds
Domain Reload Profiling:
	ReloadAssembly (2332ms)
		BeginReloadAssembly (186ms)
			ExecutionOrderSort (0ms)
			DisableScriptedObjects (5ms)
			BackupInstance (0ms)
			ReleaseScriptingObjects (0ms)
			CreateAndSetChildDomain (52ms)
		EndReloadAssembly (2036ms)
			LoadAssemblies (134ms)
			RebuildTransferFunctionScriptingTraits (0ms)
			SetupTypeCache (368ms)
			ReleaseScriptCaches (2ms)
			RebuildScriptCaches (64ms)
			SetupLoadedEditorAssemblies (1077ms)
				LogAssemblyErrors (0ms)
				InitializePlatformSupportModulesInManaged (28ms)
				SetLoadedEditorAssemblies (1ms)
				RefreshPlugins (1ms)
				BeforeProcessingInitializeOnLoad (168ms)
				ProcessInitializeOnLoadAttributes (747ms)
				ProcessInitializeOnLoadMethodAttributes (120ms)
				AfterProcessingInitializeOnLoad (12ms)
				EditorAssembliesLoaded (0ms)
			ExecutionOrderSort2 (0ms)
			AwakeInstancesAfterBackupRestoration (12ms)
Platform modules already initialized, skipping
Refreshing native plugins compatible for Editor in 3.63 ms, found 4 plugins.
Preloading 0 native plugins for Editor in 0.00 ms.
Unloading 6350 Unused Serialized files (Serialized files now loaded: 0)
Unloading 50 unused Assets / (2.0 MB). Loaded Objects now: 7024.
Memory consumption went from 242.6 MB to 240.6 MB.
Total: 12.345300 ms (FindLiveObjects: 0.437400 ms CreateObjectMapping: 0.410000 ms MarkObjects: 10.480500 ms  DeleteObjects: 1.016200 ms)

AssetImportParameters requested are different than current active one (requested -> active):
  custom:video-decoder-ogg-theora: a1e56fd34408186e4bbccfd4996cb3dc -> 
  custom:container-muxer-webm: aa71ff27fc2769a1b78a27578f13a17b -> 
  custom:container-demuxer-webm: 4f35f7cbe854078d1ac9338744f61a02 -> 
  custom:video-encoder-webm-vp8: eb34c28f22e8b96e1ab97ce403110664 -> 
  custom:audio-encoder-webm-vorbis: bf7c407c2cedff20999df2af8eb42d56 -> 
  custom:framework-win-MediaFoundation: 216162199b28c13a410421893ffa2e32 -> 
  custom:container-demuxer-ogg: 62fdf1f143b41e24485cea50d1cbac27 -> 
  custom:video-decoder-webm-vp8: 9c59270c3fd7afecdb556c50c9e8de78 -> 
  custom:audio-decoder-ogg-vorbis: bf7c407c2cedff20999df2af8eb42d56 -> 
========================================================================
Received Prepare
Registering precompiled user dll's ...
Registered in 0.006286 seconds.
Begin MonoManager ReloadAssembly
Symbol file LoadedFromMemory doesn't match image D:\Utente\ProgettiUnity\AR_Template_Project\Library\PackageCache\com.unity.visualscripting@1.7.8\Editor\VisualScripting.Core\Dependencies\YamlDotNet\Unity.VisualScripting.YamlDotNet.dll
Symbol file LoadedFromMemory doesn't match image D:\Utente\ProgettiUnity\AR_Template_Project\Library\PackageCache\com.unity.visualscripting@1.7.8\Editor\VisualScripting.Core\Dependencies\DotNetZip\Unity.VisualScripting.IonicZip.dll
Native extension for WindowsStandalone target not found
Native extension for Android target not found
Native extension for WebGL target not found
Refreshing native plugins compatible for Editor in 2.31 ms, found 4 plugins.
Preloading 0 native plugins for Editor in 0.00 ms.
System.Exception: Error! Visual Scripting: couldn't find visual scripting package
  at Unity.VisualScripting.PackageVersionUtility.get_version () [0x00025] in D:\Utente\ProgettiUnity\AR_Template_Project\Library\PackageCache\com.unity.visualscripting@1.7.8\Editor\VisualScripting.Core\Utilities\PackageVersionUtility.cs:22 
  at Unity.VisualScripting.BoltCoreManifest.get_version () [0x00000] in D:\Utente\ProgettiUnity\AR_Template_Project\Library\PackageCache\com.unity.visualscripting@1.7.8\Editor\VisualScripting.Core\Plugin\BoltCoreManifest.cs:11 
  at Unity.VisualScripting.PluginManifest.get_currentVersion () [0x00000] in D:\Utente\ProgettiUnity\AR_Template_Project\Library\PackageCache\com.unity.visualscripting@1.7.8\Editor\VisualScripting.Core\Plugins\PluginManifest.cs:33 
  at Unity.VisualScripting.PluginManifest.get_versionMismatch () [0x00000] in D:\Utente\ProgettiUnity\AR_Template_Project\Library\PackageCache\com.unity.visualscripting@1.7.8\Editor\VisualScripting.Core\Plugins\PluginManifest.cs:48 
  at Unity.VisualScripting.PluginContainer.Initialize () [0x0057d] in D:\Utente\ProgettiUnity\AR_Template_Project\Library\PackageCache\com.unity.visualscripting@1.7.8\Editor\VisualScripting.Core\Plugins\PluginContainer.cs:208 
  at Unity.VisualScripting.PluginContainer.InitializeOnLoad () [0x00012] in D:\Utente\ProgettiUnity\AR_Template_Project\Library\PackageCache\com.unity.visualscripting@1.7.8\Editor\VisualScripting.Core\Plugins\PluginContainer.cs:32 
  at Unity.VisualScripting.VSUsageUtility.DoInitializeOnLoadCalls () [0x00044] in D:\Utente\ProgettiUnity\AR_Template_Project\Library\PackageCache\com.unity.visualscripting@1.7.8\Editor\VisualScripting.Core\Utilities\VSUsageUtility.cs:76 
  at Unity.VisualScripting.VSUsageUtility.set_isVisualScriptingUsed (System.Boolean value) [0x00037] in D:\Utente\ProgettiUnity\AR_Template_Project\Library\PackageCache\com.unity.visualscripting@1.7.8\Editor\VisualScripting.Core\Utilities\VSUsageUtility.cs:114 
  at Unity.VisualScripting.VSUsageUtility.CheckAndSetIsVisualScriptingUsed () [0x00013] in D:\Utente\ProgettiUnity\AR_Template_Project\Library\PackageCache\com.unity.visualscripting@1.7.8\Editor\VisualScripting.Core\Utilities\VSUsageUtility.cs:33 
  at Unity.VisualScripting.VSUsageUtility..cctor () [0x0000d] in D:\Utente\ProgettiUnity\AR_Template_Project\Library\PackageCache\com.unity.visualscripting@1.7.8\Editor\VisualScripting.Core\Utilities\VSUsageUtility.cs:22 
UnityEngine.StackTraceUtility:ExtractStackTrace ()
UnityEngine.DebugLogHandler:LogFormat (UnityEngine.LogType,UnityEngine.Object,string,object[])
UnityEngine.Logger:Log (UnityEngine.LogType,object)
UnityEngine.Debug:LogError (object)
UnityEditor.EditorAssemblies:ProcessInitializeOnLoadAttributes (System.Type[])

Mono: successfully reloaded assembly
- Completed reload, in  2.616 seconds
Domain Reload Profiling:
	ReloadAssembly (2617ms)
		BeginReloadAssembly (213ms)
			ExecutionOrderSort (0ms)
			DisableScriptedObjects (6ms)
			BackupInstance (0ms)
			ReleaseScriptingObjects (0ms)
			CreateAndSetChildDomain (84ms)
		EndReloadAssembly (2285ms)
			LoadAssemblies (126ms)
			RebuildTransferFunctionScriptingTraits (0ms)
			SetupTypeCache (451ms)
			ReleaseScriptCaches (2ms)
			RebuildScriptCaches (71ms)
			SetupLoadedEditorAssemblies (1060ms)
				LogAssemblyErrors (0ms)
				InitializePlatformSupportModulesInManaged (38ms)
				SetLoadedEditorAssemblies (1ms)
				RefreshPlugins (2ms)
				BeforeProcessingInitializeOnLoad (137ms)
				ProcessInitializeOnLoadAttributes (731ms)
				ProcessInitializeOnLoadMethodAttributes (138ms)
				AfterProcessingInitializeOnLoad (13ms)
				EditorAssembliesLoaded (1ms)
			ExecutionOrderSort2 (0ms)
			AwakeInstancesAfterBackupRestoration (11ms)
Platform modules already initialized, skipping
Refreshing native plugins compatible for Editor in 2.49 ms, found 4 plugins.
Preloading 0 native plugins for Editor in 0.00 ms.
Unloading 6350 Unused Serialized files (Serialized files now loaded: 0)
Unloading 50 unused Assets / (2.0 MB). Loaded Objects now: 7029.
Memory consumption went from 242.6 MB to 240.7 MB.
Total: 12.324700 ms (FindLiveObjects: 0.408300 ms CreateObjectMapping: 0.354400 ms MarkObjects: 10.647200 ms  DeleteObjects: 0.913800 ms)

AssetImportParameters requested are different than current active one (requested -> active):
  custom:video-decoder-ogg-theora: a1e56fd34408186e4bbccfd4996cb3dc -> 
  custom:container-muxer-webm: aa71ff27fc2769a1b78a27578f13a17b -> 
  custom:container-demuxer-webm: 4f35f7cbe854078d1ac9338744f61a02 -> 
  custom:video-encoder-webm-vp8: eb34c28f22e8b96e1ab97ce403110664 -> 
  custom:audio-encoder-webm-vorbis: bf7c407c2cedff20999df2af8eb42d56 -> 
  custom:framework-win-MediaFoundation: 216162199b28c13a410421893ffa2e32 -> 
  custom:container-demuxer-ogg: 62fdf1f143b41e24485cea50d1cbac27 -> 
  custom:video-decoder-webm-vp8: 9c59270c3fd7afecdb556c50c9e8de78 -> 
  custom:audio-decoder-ogg-vorbis: bf7c407c2cedff20999df2af8eb42d56 -> 
========================================================================
Received Prepare
Registering precompiled user dll's ...
Registered in 0.006177 seconds.
Begin MonoManager ReloadAssembly
Symbol file LoadedFromMemory doesn't match image D:\Utente\ProgettiUnity\AR_Template_Project\Library\PackageCache\com.unity.visualscripting@1.7.8\Editor\VisualScripting.Core\Dependencies\YamlDotNet\Unity.VisualScripting.YamlDotNet.dll
Symbol file LoadedFromMemory doesn't match image D:\Utente\ProgettiUnity\AR_Template_Project\Library\PackageCache\com.unity.visualscripting@1.7.8\Editor\VisualScripting.Core\Dependencies\DotNetZip\Unity.VisualScripting.IonicZip.dll
Native extension for WindowsStandalone target not found
Native extension for Android target not found
Native extension for WebGL target not found
Refreshing native plugins compatible for Editor in 1.55 ms, found 4 plugins.
Preloading 0 native plugins for Editor in 0.00 ms.
System.Exception: Error! Visual Scripting: couldn't find visual scripting package
  at Unity.VisualScripting.PackageVersionUtility.get_version () [0x00025] in D:\Utente\ProgettiUnity\AR_Template_Project\Library\PackageCache\com.unity.visualscripting@1.7.8\Editor\VisualScripting.Core\Utilities\PackageVersionUtility.cs:22 
  at Unity.VisualScripting.BoltCoreManifest.get_version () [0x00000] in D:\Utente\ProgettiUnity\AR_Template_Project\Library\PackageCache\com.unity.visualscripting@1.7.8\Editor\VisualScripting.Core\Plugin\BoltCoreManifest.cs:11 
  at Unity.VisualScripting.PluginManifest.get_currentVersion () [0x00000] in D:\Utente\ProgettiUnity\AR_Template_Project\Library\PackageCache\com.unity.visualscripting@1.7.8\Editor\VisualScripting.Core\Plugins\PluginManifest.cs:33 
  at Unity.VisualScripting.PluginManifest.get_versionMismatch () [0x00000] in D:\Utente\ProgettiUnity\AR_Template_Project\Library\PackageCache\com.unity.visualscripting@1.7.8\Editor\VisualScripting.Core\Plugins\PluginManifest.cs:48 
  at Unity.VisualScripting.PluginContainer.Initialize () [0x0057d] in D:\Utente\ProgettiUnity\AR_Template_Project\Library\PackageCache\com.unity.visualscripting@1.7.8\Editor\VisualScripting.Core\Plugins\PluginContainer.cs:208 
  at Unity.VisualScripting.PluginContainer.InitializeOnLoad () [0x00012] in D:\Utente\ProgettiUnity\AR_Template_Project\Library\PackageCache\com.unity.visualscripting@1.7.8\Editor\VisualScripting.Core\Plugins\PluginContainer.cs:32 
  at Unity.VisualScripting.VSUsageUtility.DoInitializeOnLoadCalls () [0x00044] in D:\Utente\ProgettiUnity\AR_Template_Project\Library\PackageCache\com.unity.visualscripting@1.7.8\Editor\VisualScripting.Core\Utilities\VSUsageUtility.cs:76 
  at Unity.VisualScripting.VSUsageUtility.set_isVisualScriptingUsed (System.Boolean value) [0x00037] in D:\Utente\ProgettiUnity\AR_Template_Project\Library\PackageCache\com.unity.visualscripting@1.7.8\Editor\VisualScripting.Core\Utilities\VSUsageUtility.cs:114 
  at Unity.VisualScripting.VSUsageUtility.CheckAndSetIsVisualScriptingUsed () [0x00013] in D:\Utente\ProgettiUnity\AR_Template_Project\Library\PackageCache\com.unity.visualscripting@1.7.8\Editor\VisualScripting.Core\Utilities\VSUsageUtility.cs:33 
  at Unity.VisualScripting.VSUsageUtility..cctor () [0x0000d] in D:\Utente\ProgettiUnity\AR_Template_Project\Library\PackageCache\com.unity.visualscripting@1.7.8\Editor\VisualScripting.Core\Utilities\VSUsageUtility.cs:22 
UnityEngine.StackTraceUtility:ExtractStackTrace ()
UnityEngine.DebugLogHandler:LogFormat (UnityEngine.LogType,UnityEngine.Object,string,object[])
UnityEngine.Logger:Log (UnityEngine.LogType,object)
UnityEngine.Debug:LogError (object)
UnityEditor.EditorAssemblies:ProcessInitializeOnLoadAttributes (System.Type[])

Mono: successfully reloaded assembly
- Completed reload, in  2.340 seconds
Domain Reload Profiling:
	ReloadAssembly (2341ms)
		BeginReloadAssembly (191ms)
			ExecutionOrderSort (0ms)
			DisableScriptedObjects (5ms)
			BackupInstance (0ms)
			ReleaseScriptingObjects (0ms)
			CreateAndSetChildDomain (50ms)
		EndReloadAssembly (2038ms)
			LoadAssemblies (134ms)
			RebuildTransferFunctionScriptingTraits (0ms)
			SetupTypeCache (405ms)
			ReleaseScriptCaches (2ms)
			RebuildScriptCaches (68ms)
			SetupLoadedEditorAssemblies (1053ms)
				LogAssemblyErrors (0ms)
				InitializePlatformSupportModulesInManaged (40ms)
				SetLoadedEditorAssemblies (1ms)
				RefreshPlugins (2ms)
				BeforeProcessingInitializeOnLoad (156ms)
				ProcessInitializeOnLoadAttributes (680ms)
				ProcessInitializeOnLoadMethodAttributes (156ms)
				AfterProcessingInitializeOnLoad (18ms)
				EditorAssembliesLoaded (0ms)
			ExecutionOrderSort2 (0ms)
			AwakeInstancesAfterBackupRestoration (15ms)
Platform modules already initialized, skipping
Refreshing native plugins compatible for Editor in 4.46 ms, found 4 plugins.
Preloading 0 native plugins for Editor in 0.00 ms.
Unloading 6350 Unused Serialized files (Serialized files now loaded: 0)
Unloading 50 unused Assets / (1.9 MB). Loaded Objects now: 7034.
Memory consumption went from 242.6 MB to 240.7 MB.
Total: 13.157200 ms (FindLiveObjects: 0.490600 ms CreateObjectMapping: 0.486700 ms MarkObjects: 11.172000 ms  DeleteObjects: 1.006800 ms)

AssetImportParameters requested are different than current active one (requested -> active):
  custom:video-decoder-ogg-theora: a1e56fd34408186e4bbccfd4996cb3dc -> 
  custom:container-muxer-webm: aa71ff27fc2769a1b78a27578f13a17b -> 
  custom:container-demuxer-webm: 4f35f7cbe854078d1ac9338744f61a02 -> 
  custom:video-encoder-webm-vp8: eb34c28f22e8b96e1ab97ce403110664 -> 
  custom:audio-encoder-webm-vorbis: bf7c407c2cedff20999df2af8eb42d56 -> 
  custom:framework-win-MediaFoundation: 216162199b28c13a410421893ffa2e32 -> 
  custom:container-demuxer-ogg: 62fdf1f143b41e24485cea50d1cbac27 -> 
  custom:video-decoder-webm-vp8: 9c59270c3fd7afecdb556c50c9e8de78 -> 
  custom:audio-decoder-ogg-vorbis: bf7c407c2cedff20999df2af8eb42d56 -> 
========================================================================
Received Prepare
Registering precompiled user dll's ...
Registered in 0.007216 seconds.
Begin MonoManager ReloadAssembly
Symbol file LoadedFromMemory doesn't match image D:\Utente\ProgettiUnity\AR_Template_Project\Library\PackageCache\com.unity.visualscripting@1.7.8\Editor\VisualScripting.Core\Dependencies\YamlDotNet\Unity.VisualScripting.YamlDotNet.dll
Symbol file LoadedFromMemory doesn't match image D:\Utente\ProgettiUnity\AR_Template_Project\Library\PackageCache\com.unity.visualscripting@1.7.8\Editor\VisualScripting.Core\Dependencies\DotNetZip\Unity.VisualScripting.IonicZip.dll
Native extension for WindowsStandalone target not found
Native extension for Android target not found
Native extension for WebGL target not found
Refreshing native plugins compatible for Editor in 1.73 ms, found 4 plugins.
Preloading 0 native plugins for Editor in 0.00 ms.
System.Exception: Error! Visual Scripting: couldn't find visual scripting package
  at Unity.VisualScripting.PackageVersionUtility.get_version () [0x00025] in D:\Utente\ProgettiUnity\AR_Template_Project\Library\PackageCache\com.unity.visualscripting@1.7.8\Editor\VisualScripting.Core\Utilities\PackageVersionUtility.cs:22 
  at Unity.VisualScripting.BoltCoreManifest.get_version () [0x00000] in D:\Utente\ProgettiUnity\AR_Template_Project\Library\PackageCache\com.unity.visualscripting@1.7.8\Editor\VisualScripting.Core\Plugin\BoltCoreManifest.cs:11 
  at Unity.VisualScripting.PluginManifest.get_currentVersion () [0x00000] in D:\Utente\ProgettiUnity\AR_Template_Project\Library\PackageCache\com.unity.visualscripting@1.7.8\Editor\VisualScripting.Core\Plugins\PluginManifest.cs:33 
  at Unity.VisualScripting.PluginManifest.get_versionMismatch () [0x00000] in D:\Utente\ProgettiUnity\AR_Template_Project\Library\PackageCache\com.unity.visualscripting@1.7.8\Editor\VisualScripting.Core\Plugins\PluginManifest.cs:48 
  at Unity.VisualScripting.PluginContainer.Initialize () [0x0057d] in D:\Utente\ProgettiUnity\AR_Template_Project\Library\PackageCache\com.unity.visualscripting@1.7.8\Editor\VisualScripting.Core\Plugins\PluginContainer.cs:208 
  at Unity.VisualScripting.PluginContainer.InitializeOnLoad () [0x00012] in D:\Utente\ProgettiUnity\AR_Template_Project\Library\PackageCache\com.unity.visualscripting@1.7.8\Editor\VisualScripting.Core\Plugins\PluginContainer.cs:32 
  at Unity.VisualScripting.VSUsageUtility.DoInitializeOnLoadCalls () [0x00044] in D:\Utente\ProgettiUnity\AR_Template_Project\Library\PackageCache\com.unity.visualscripting@1.7.8\Editor\VisualScripting.Core\Utilities\VSUsageUtility.cs:76 
  at Unity.VisualScripting.VSUsageUtility.set_isVisualScriptingUsed (System.Boolean value) [0x00037] in D:\Utente\ProgettiUnity\AR_Template_Project\Library\PackageCache\com.unity.visualscripting@1.7.8\Editor\VisualScripting.Core\Utilities\VSUsageUtility.cs:114 
  at Unity.VisualScripting.VSUsageUtility.CheckAndSetIsVisualScriptingUsed () [0x00013] in D:\Utente\ProgettiUnity\AR_Template_Project\Library\PackageCache\com.unity.visualscripting@1.7.8\Editor\VisualScripting.Core\Utilities\VSUsageUtility.cs:33 
  at Unity.VisualScripting.VSUsageUtility..cctor () [0x0000d] in D:\Utente\ProgettiUnity\AR_Template_Project\Library\PackageCache\com.unity.visualscripting@1.7.8\Editor\VisualScripting.Core\Utilities\VSUsageUtility.cs:22 
UnityEngine.StackTraceUtility:ExtractStackTrace ()
UnityEngine.DebugLogHandler:LogFormat (UnityEngine.LogType,UnityEngine.Object,string,object[])
UnityEngine.Logger:Log (UnityEngine.LogType,object)
UnityEngine.Debug:LogError (object)
UnityEditor.EditorAssemblies:ProcessInitializeOnLoadAttributes (System.Type[])

Mono: successfully reloaded assembly
- Completed reload, in  2.192 seconds
Domain Reload Profiling:
	ReloadAssembly (2192ms)
		BeginReloadAssembly (174ms)
			ExecutionOrderSort (0ms)
			DisableScriptedObjects (6ms)
			BackupInstance (0ms)
			ReleaseScriptingObjects (0ms)
			CreateAndSetChildDomain (45ms)
		EndReloadAssembly (1911ms)
			LoadAssemblies (125ms)
			RebuildTransferFunctionScriptingTraits (0ms)
			SetupTypeCache (461ms)
			ReleaseScriptCaches (2ms)
			RebuildScriptCaches (67ms)
			SetupLoadedEditorAssemblies (884ms)
				LogAssemblyErrors (0ms)
				InitializePlatformSupportModulesInManaged (29ms)
				SetLoadedEditorAssemblies (1ms)
				RefreshPlugins (2ms)
				BeforeProcessingInitializeOnLoad (131ms)
				ProcessInitializeOnLoadAttributes (601ms)
				ProcessInitializeOnLoadMethodAttributes (107ms)
				AfterProcessingInitializeOnLoad (12ms)
				EditorAssembliesLoaded (0ms)
			ExecutionOrderSort2 (0ms)
			AwakeInstancesAfterBackupRestoration (15ms)
Platform modules already initialized, skipping
Refreshing native plugins compatible for Editor in 3.19 ms, found 4 plugins.
Preloading 0 native plugins for Editor in 0.00 ms.
Unloading 6350 Unused Serialized files (Serialized files now loaded: 0)
Unloading 50 unused Assets / (2.0 MB). Loaded Objects now: 7039.
Memory consumption went from 242.7 MB to 240.7 MB.
Total: 12.655000 ms (FindLiveObjects: 0.620800 ms CreateObjectMapping: 0.557700 ms MarkObjects: 10.476200 ms  DeleteObjects: 0.999100 ms)

AssetImportParameters requested are different than current active one (requested -> active):
  custom:video-decoder-ogg-theora: a1e56fd34408186e4bbccfd4996cb3dc -> 
  custom:container-muxer-webm: aa71ff27fc2769a1b78a27578f13a17b -> 
  custom:container-demuxer-webm: 4f35f7cbe854078d1ac9338744f61a02 -> 
  custom:video-encoder-webm-vp8: eb34c28f22e8b96e1ab97ce403110664 -> 
  custom:audio-encoder-webm-vorbis: bf7c407c2cedff20999df2af8eb42d56 -> 
  custom:framework-win-MediaFoundation: 216162199b28c13a410421893ffa2e32 -> 
  custom:container-demuxer-ogg: 62fdf1f143b41e24485cea50d1cbac27 -> 
  custom:video-decoder-webm-vp8: 9c59270c3fd7afecdb556c50c9e8de78 -> 
  custom:audio-decoder-ogg-vorbis: bf7c407c2cedff20999df2af8eb42d56 -> 
========================================================================
Received Prepare
Registering precompiled user dll's ...
Registered in 0.015377 seconds.
Begin MonoManager ReloadAssembly
Symbol file LoadedFromMemory doesn't match image D:\Utente\ProgettiUnity\AR_Template_Project\Library\PackageCache\com.unity.visualscripting@1.7.8\Editor\VisualScripting.Core\Dependencies\YamlDotNet\Unity.VisualScripting.YamlDotNet.dll
Symbol file LoadedFromMemory doesn't match image D:\Utente\ProgettiUnity\AR_Template_Project\Library\PackageCache\com.unity.visualscripting@1.7.8\Editor\VisualScripting.Core\Dependencies\DotNetZip\Unity.VisualScripting.IonicZip.dll
Native extension for WindowsStandalone target not found
Native extension for Android target not found
Native extension for WebGL target not found
Refreshing native plugins compatible for Editor in 1.53 ms, found 4 plugins.
Preloading 0 native plugins for Editor in 0.00 ms.
System.Exception: Error! Visual Scripting: couldn't find visual scripting package
  at Unity.VisualScripting.PackageVersionUtility.get_version () [0x00025] in D:\Utente\ProgettiUnity\AR_Template_Project\Library\PackageCache\com.unity.visualscripting@1.7.8\Editor\VisualScripting.Core\Utilities\PackageVersionUtility.cs:22 
  at Unity.VisualScripting.BoltCoreManifest.get_version () [0x00000] in D:\Utente\ProgettiUnity\AR_Template_Project\Library\PackageCache\com.unity.visualscripting@1.7.8\Editor\VisualScripting.Core\Plugin\BoltCoreManifest.cs:11 
  at Unity.VisualScripting.PluginManifest.get_currentVersion () [0x00000] in D:\Utente\ProgettiUnity\AR_Template_Project\Library\PackageCache\com.unity.visualscripting@1.7.8\Editor\VisualScripting.Core\Plugins\PluginManifest.cs:33 
  at Unity.VisualScripting.PluginManifest.get_versionMismatch () [0x00000] in D:\Utente\ProgettiUnity\AR_Template_Project\Library\PackageCache\com.unity.visualscripting@1.7.8\Editor\VisualScripting.Core\Plugins\PluginManifest.cs:48 
  at Unity.VisualScripting.PluginContainer.Initialize () [0x0057d] in D:\Utente\ProgettiUnity\AR_Template_Project\Library\PackageCache\com.unity.visualscripting@1.7.8\Editor\VisualScripting.Core\Plugins\PluginContainer.cs:208 
  at Unity.VisualScripting.PluginContainer.InitializeOnLoad () [0x00012] in D:\Utente\ProgettiUnity\AR_Template_Project\Library\PackageCache\com.unity.visualscripting@1.7.8\Editor\VisualScripting.Core\Plugins\PluginContainer.cs:32 
  at Unity.VisualScripting.VSUsageUtility.DoInitializeOnLoadCalls () [0x00044] in D:\Utente\ProgettiUnity\AR_Template_Project\Library\PackageCache\com.unity.visualscripting@1.7.8\Editor\VisualScripting.Core\Utilities\VSUsageUtility.cs:76 
  at Unity.VisualScripting.VSUsageUtility.set_isVisualScriptingUsed (System.Boolean value) [0x00037] in D:\Utente\ProgettiUnity\AR_Template_Project\Library\PackageCache\com.unity.visualscripting@1.7.8\Editor\VisualScripting.Core\Utilities\VSUsageUtility.cs:114 
  at Unity.VisualScripting.VSUsageUtility.CheckAndSetIsVisualScriptingUsed () [0x00013] in D:\Utente\ProgettiUnity\AR_Template_Project\Library\PackageCache\com.unity.visualscripting@1.7.8\Editor\VisualScripting.Core\Utilities\VSUsageUtility.cs:33 
  at Unity.VisualScripting.VSUsageUtility..cctor () [0x0000d] in D:\Utente\ProgettiUnity\AR_Template_Project\Library\PackageCache\com.unity.visualscripting@1.7.8\Editor\VisualScripting.Core\Utilities\VSUsageUtility.cs:22 
UnityEngine.StackTraceUtility:ExtractStackTrace ()
UnityEngine.DebugLogHandler:LogFormat (UnityEngine.LogType,UnityEngine.Object,string,object[])
UnityEngine.Logger:Log (UnityEngine.LogType,object)
UnityEngine.Debug:LogError (object)
UnityEditor.EditorAssemblies:ProcessInitializeOnLoadAttributes (System.Type[])

Mono: successfully reloaded assembly
- Completed reload, in  2.191 seconds
Domain Reload Profiling:
	ReloadAssembly (2191ms)
		BeginReloadAssembly (191ms)
			ExecutionOrderSort (0ms)
			DisableScriptedObjects (5ms)
			BackupInstance (0ms)
			ReleaseScriptingObjects (0ms)
			CreateAndSetChildDomain (53ms)
		EndReloadAssembly (1841ms)
			LoadAssemblies (128ms)
			RebuildTransferFunctionScriptingTraits (0ms)
			SetupTypeCache (371ms)
			ReleaseScriptCaches (2ms)
			RebuildScriptCaches (72ms)
			SetupLoadedEditorAssemblies (923ms)
				LogAssemblyErrors (0ms)
				InitializePlatformSupportModulesInManaged (51ms)
				SetLoadedEditorAssemblies (1ms)
				RefreshPlugins (2ms)
				BeforeProcessingInitializeOnLoad (160ms)
				ProcessInitializeOnLoadAttributes (602ms)
				ProcessInitializeOnLoadMethodAttributes (92ms)
				AfterProcessingInitializeOnLoad (16ms)
				EditorAssembliesLoaded (0ms)
			ExecutionOrderSort2 (0ms)
			AwakeInstancesAfterBackupRestoration (11ms)
Platform modules already initialized, skipping
Refreshing native plugins compatible for Editor in 3.98 ms, found 4 plugins.
Preloading 0 native plugins for Editor in 0.00 ms.
Unloading 6350 Unused Serialized files (Serialized files now loaded: 0)
Unloading 50 unused Assets / (2.0 MB). Loaded Objects now: 7044.
Memory consumption went from 242.7 MB to 240.7 MB.
Total: 13.427400 ms (FindLiveObjects: 0.507300 ms CreateObjectMapping: 0.447000 ms MarkObjects: 11.479700 ms  DeleteObjects: 0.992300 ms)

AssetImportParameters requested are different than current active one (requested -> active):
  custom:video-decoder-ogg-theora: a1e56fd34408186e4bbccfd4996cb3dc -> 
  custom:container-muxer-webm: aa71ff27fc2769a1b78a27578f13a17b -> 
  custom:container-demuxer-webm: 4f35f7cbe854078d1ac9338744f61a02 -> 
  custom:video-encoder-webm-vp8: eb34c28f22e8b96e1ab97ce403110664 -> 
  custom:audio-encoder-webm-vorbis: bf7c407c2cedff20999df2af8eb42d56 -> 
  custom:framework-win-MediaFoundation: 216162199b28c13a410421893ffa2e32 -> 
  custom:container-demuxer-ogg: 62fdf1f143b41e24485cea50d1cbac27 -> 
  custom:video-decoder-webm-vp8: 9c59270c3fd7afecdb556c50c9e8de78 -> 
  custom:audio-decoder-ogg-vorbis: bf7c407c2cedff20999df2af8eb42d56 -> 
========================================================================
Received Prepare
Registering precompiled user dll's ...
Registered in 0.006178 seconds.
Begin MonoManager ReloadAssembly
Symbol file LoadedFromMemory doesn't match image D:\Utente\ProgettiUnity\AR_Template_Project\Library\PackageCache\com.unity.visualscripting@1.7.8\Editor\VisualScripting.Core\Dependencies\YamlDotNet\Unity.VisualScripting.YamlDotNet.dll
Symbol file LoadedFromMemory doesn't match image D:\Utente\ProgettiUnity\AR_Template_Project\Library\PackageCache\com.unity.visualscripting@1.7.8\Editor\VisualScripting.Core\Dependencies\DotNetZip\Unity.VisualScripting.IonicZip.dll
Native extension for WindowsStandalone target not found
Native extension for Android target not found
Native extension for WebGL target not found
Refreshing native plugins compatible for Editor in 1.11 ms, found 4 plugins.
Preloading 0 native plugins for Editor in 0.00 ms.
System.Exception: Error! Visual Scripting: couldn't find visual scripting package
  at Unity.VisualScripting.PackageVersionUtility.get_version () [0x00025] in D:\Utente\ProgettiUnity\AR_Template_Project\Library\PackageCache\com.unity.visualscripting@1.7.8\Editor\VisualScripting.Core\Utilities\PackageVersionUtility.cs:22 
  at Unity.VisualScripting.BoltCoreManifest.get_version () [0x00000] in D:\Utente\ProgettiUnity\AR_Template_Project\Library\PackageCache\com.unity.visualscripting@1.7.8\Editor\VisualScripting.Core\Plugin\BoltCoreManifest.cs:11 
  at Unity.VisualScripting.PluginManifest.get_currentVersion () [0x00000] in D:\Utente\ProgettiUnity\AR_Template_Project\Library\PackageCache\com.unity.visualscripting@1.7.8\Editor\VisualScripting.Core\Plugins\PluginManifest.cs:33 
  at Unity.VisualScripting.PluginManifest.get_versionMismatch () [0x00000] in D:\Utente\ProgettiUnity\AR_Template_Project\Library\PackageCache\com.unity.visualscripting@1.7.8\Editor\VisualScripting.Core\Plugins\PluginManifest.cs:48 
  at Unity.VisualScripting.PluginContainer.Initialize () [0x0057d] in D:\Utente\ProgettiUnity\AR_Template_Project\Library\PackageCache\com.unity.visualscripting@1.7.8\Editor\VisualScripting.Core\Plugins\PluginContainer.cs:208 
  at Unity.VisualScripting.PluginContainer.InitializeOnLoad () [0x00012] in D:\Utente\ProgettiUnity\AR_Template_Project\Library\PackageCache\com.unity.visualscripting@1.7.8\Editor\VisualScripting.Core\Plugins\PluginContainer.cs:32 
  at Unity.VisualScripting.VSUsageUtility.DoInitializeOnLoadCalls () [0x00044] in D:\Utente\ProgettiUnity\AR_Template_Project\Library\PackageCache\com.unity.visualscripting@1.7.8\Editor\VisualScripting.Core\Utilities\VSUsageUtility.cs:76 
  at Unity.VisualScripting.VSUsageUtility.set_isVisualScriptingUsed (System.Boolean value) [0x00037] in D:\Utente\ProgettiUnity\AR_Template_Project\Library\PackageCache\com.unity.visualscripting@1.7.8\Editor\VisualScripting.Core\Utilities\VSUsageUtility.cs:114 
  at Unity.VisualScripting.VSUsageUtility.CheckAndSetIsVisualScriptingUsed () [0x00013] in D:\Utente\ProgettiUnity\AR_Template_Project\Library\PackageCache\com.unity.visualscripting@1.7.8\Editor\VisualScripting.Core\Utilities\VSUsageUtility.cs:33 
  at Unity.VisualScripting.VSUsageUtility..cctor () [0x0000d] in D:\Utente\ProgettiUnity\AR_Template_Project\Library\PackageCache\com.unity.visualscripting@1.7.8\Editor\VisualScripting.Core\Utilities\VSUsageUtility.cs:22 
UnityEngine.StackTraceUtility:ExtractStackTrace ()
UnityEngine.DebugLogHandler:LogFormat (UnityEngine.LogType,UnityEngine.Object,string,object[])
UnityEngine.Logger:Log (UnityEngine.LogType,object)
UnityEngine.Debug:LogError (object)
UnityEditor.EditorAssemblies:ProcessInitializeOnLoadAttributes (System.Type[])

Mono: successfully reloaded assembly
- Completed reload, in  2.145 seconds
Domain Reload Profiling:
	ReloadAssembly (2145ms)
		BeginReloadAssembly (192ms)
			ExecutionOrderSort (0ms)
			DisableScriptedObjects (6ms)
			BackupInstance (0ms)
			ReleaseScriptingObjects (0ms)
			CreateAndSetChildDomain (51ms)
		EndReloadAssembly (1841ms)
			LoadAssemblies (137ms)
			RebuildTransferFunctionScriptingTraits (0ms)
			SetupTypeCache (362ms)
			ReleaseScriptCaches (2ms)
			RebuildScriptCaches (65ms)
			SetupLoadedEditorAssemblies (922ms)
				LogAssemblyErrors (0ms)
				InitializePlatformSupportModulesInManaged (28ms)
				SetLoadedEditorAssemblies (1ms)
				RefreshPlugins (1ms)
				BeforeProcessingInitializeOnLoad (134ms)
				ProcessInitializeOnLoadAttributes (637ms)
				ProcessInitializeOnLoadMethodAttributes (103ms)
				AfterProcessingInitializeOnLoad (18ms)
				EditorAssembliesLoaded (0ms)
			ExecutionOrderSort2 (0ms)
			AwakeInstancesAfterBackupRestoration (10ms)
Platform modules already initialized, skipping
Refreshing native plugins compatible for Editor in 4.04 ms, found 4 plugins.
Preloading 0 native plugins for Editor in 0.00 ms.
Unloading 6350 Unused Serialized files (Serialized files now loaded: 0)
Unloading 50 unused Assets / (2.0 MB). Loaded Objects now: 7049.
Memory consumption went from 242.7 MB to 240.7 MB.
Total: 21.530600 ms (FindLiveObjects: 0.455300 ms CreateObjectMapping: 0.578500 ms MarkObjects: 19.446900 ms  DeleteObjects: 1.048900 ms)

AssetImportParameters requested are different than current active one (requested -> active):
  custom:video-decoder-ogg-theora: a1e56fd34408186e4bbccfd4996cb3dc -> 
  custom:container-muxer-webm: aa71ff27fc2769a1b78a27578f13a17b -> 
  custom:container-demuxer-webm: 4f35f7cbe854078d1ac9338744f61a02 -> 
  custom:video-encoder-webm-vp8: eb34c28f22e8b96e1ab97ce403110664 -> 
  custom:audio-encoder-webm-vorbis: bf7c407c2cedff20999df2af8eb42d56 -> 
  custom:framework-win-MediaFoundation: 216162199b28c13a410421893ffa2e32 -> 
  custom:container-demuxer-ogg: 62fdf1f143b41e24485cea50d1cbac27 -> 
  custom:video-decoder-webm-vp8: 9c59270c3fd7afecdb556c50c9e8de78 -> 
  custom:audio-decoder-ogg-vorbis: bf7c407c2cedff20999df2af8eb42d56 -> 
========================================================================
Received Prepare
Registering precompiled user dll's ...
Registered in 0.006035 seconds.
Begin MonoManager ReloadAssembly
Symbol file LoadedFromMemory doesn't match image D:\Utente\ProgettiUnity\AR_Template_Project\Library\PackageCache\com.unity.visualscripting@1.7.8\Editor\VisualScripting.Core\Dependencies\YamlDotNet\Unity.VisualScripting.YamlDotNet.dll
Symbol file LoadedFromMemory doesn't match image D:\Utente\ProgettiUnity\AR_Template_Project\Library\PackageCache\com.unity.visualscripting@1.7.8\Editor\VisualScripting.Core\Dependencies\DotNetZip\Unity.VisualScripting.IonicZip.dll
Native extension for WindowsStandalone target not found
Native extension for Android target not found
Native extension for WebGL target not found
Refreshing native plugins compatible for Editor in 1.07 ms, found 4 plugins.
Preloading 0 native plugins for Editor in 0.00 ms.
System.Exception: Error! Visual Scripting: couldn't find visual scripting package
  at Unity.VisualScripting.PackageVersionUtility.get_version () [0x00025] in D:\Utente\ProgettiUnity\AR_Template_Project\Library\PackageCache\com.unity.visualscripting@1.7.8\Editor\VisualScripting.Core\Utilities\PackageVersionUtility.cs:22 
  at Unity.VisualScripting.BoltCoreManifest.get_version () [0x00000] in D:\Utente\ProgettiUnity\AR_Template_Project\Library\PackageCache\com.unity.visualscripting@1.7.8\Editor\VisualScripting.Core\Plugin\BoltCoreManifest.cs:11 
  at Unity.VisualScripting.PluginManifest.get_currentVersion () [0x00000] in D:\Utente\ProgettiUnity\AR_Template_Project\Library\PackageCache\com.unity.visualscripting@1.7.8\Editor\VisualScripting.Core\Plugins\PluginManifest.cs:33 
  at Unity.VisualScripting.PluginManifest.get_versionMismatch () [0x00000] in D:\Utente\ProgettiUnity\AR_Template_Project\Library\PackageCache\com.unity.visualscripting@1.7.8\Editor\VisualScripting.Core\Plugins\PluginManifest.cs:48 
  at Unity.VisualScripting.PluginContainer.Initialize () [0x0057d] in D:\Utente\ProgettiUnity\AR_Template_Project\Library\PackageCache\com.unity.visualscripting@1.7.8\Editor\VisualScripting.Core\Plugins\PluginContainer.cs:208 
  at Unity.VisualScripting.PluginContainer.InitializeOnLoad () [0x00012] in D:\Utente\ProgettiUnity\AR_Template_Project\Library\PackageCache\com.unity.visualscripting@1.7.8\Editor\VisualScripting.Core\Plugins\PluginContainer.cs:32 
  at Unity.VisualScripting.VSUsageUtility.DoInitializeOnLoadCalls () [0x00044] in D:\Utente\ProgettiUnity\AR_Template_Project\Library\PackageCache\com.unity.visualscripting@1.7.8\Editor\VisualScripting.Core\Utilities\VSUsageUtility.cs:76 
  at Unity.VisualScripting.VSUsageUtility.set_isVisualScriptingUsed (System.Boolean value) [0x00037] in D:\Utente\ProgettiUnity\AR_Template_Project\Library\PackageCache\com.unity.visualscripting@1.7.8\Editor\VisualScripting.Core\Utilities\VSUsageUtility.cs:114 
  at Unity.VisualScripting.VSUsageUtility.CheckAndSetIsVisualScriptingUsed () [0x00013] in D:\Utente\ProgettiUnity\AR_Template_Project\Library\PackageCache\com.unity.visualscripting@1.7.8\Editor\VisualScripting.Core\Utilities\VSUsageUtility.cs:33 
  at Unity.VisualScripting.VSUsageUtility..cctor () [0x0000d] in D:\Utente\ProgettiUnity\AR_Template_Project\Library\PackageCache\com.unity.visualscripting@1.7.8\Editor\VisualScripting.Core\Utilities\VSUsageUtility.cs:22 
UnityEngine.StackTraceUtility:ExtractStackTrace ()
UnityEngine.DebugLogHandler:LogFormat (UnityEngine.LogType,UnityEngine.Object,string,object[])
UnityEngine.Logger:Log (UnityEngine.LogType,object)
UnityEngine.Debug:LogError (object)
UnityEditor.EditorAssemblies:ProcessInitializeOnLoadAttributes (System.Type[])

Mono: successfully reloaded assembly
- Completed reload, in  2.286 seconds
Domain Reload Profiling:
	ReloadAssembly (2287ms)
		BeginReloadAssembly (221ms)
			ExecutionOrderSort (0ms)
			DisableScriptedObjects (6ms)
			BackupInstance (0ms)
			ReleaseScriptingObjects (0ms)
			CreateAndSetChildDomain (82ms)
		EndReloadAssembly (1956ms)
			LoadAssemblies (133ms)
			RebuildTransferFunctionScriptingTraits (0ms)
			SetupTypeCache (459ms)
			ReleaseScriptCaches (5ms)
			RebuildScriptCaches (63ms)
			SetupLoadedEditorAssemblies (940ms)
				LogAssemblyErrors (0ms)
				InitializePlatformSupportModulesInManaged (36ms)
				SetLoadedEditorAssemblies (1ms)
				RefreshPlugins (1ms)
				BeforeProcessingInitializeOnLoad (178ms)
				ProcessInitializeOnLoadAttributes (604ms)
				ProcessInitializeOnLoadMethodAttributes (104ms)
				AfterProcessingInitializeOnLoad (16ms)
				EditorAssembliesLoaded (0ms)
			ExecutionOrderSort2 (0ms)
			AwakeInstancesAfterBackupRestoration (13ms)
Platform modules already initialized, skipping
Refreshing native plugins compatible for Editor in 2.44 ms, found 4 plugins.
Preloading 0 native plugins for Editor in 0.00 ms.
Unloading 6350 Unused Serialized files (Serialized files now loaded: 0)
Unloading 50 unused Assets / (2.0 MB). Loaded Objects now: 7054.
Memory consumption went from 242.8 MB to 240.8 MB.
Total: 12.333300 ms (FindLiveObjects: 0.445000 ms CreateObjectMapping: 0.354800 ms MarkObjects: 10.453100 ms  DeleteObjects: 1.079600 ms)

AssetImportParameters requested are different than current active one (requested -> active):
  custom:video-decoder-ogg-theora: a1e56fd34408186e4bbccfd4996cb3dc -> 
  custom:container-muxer-webm: aa71ff27fc2769a1b78a27578f13a17b -> 
  custom:container-demuxer-webm: 4f35f7cbe854078d1ac9338744f61a02 -> 
  custom:video-encoder-webm-vp8: eb34c28f22e8b96e1ab97ce403110664 -> 
  custom:audio-encoder-webm-vorbis: bf7c407c2cedff20999df2af8eb42d56 -> 
  custom:framework-win-MediaFoundation: 216162199b28c13a410421893ffa2e32 -> 
  custom:container-demuxer-ogg: 62fdf1f143b41e24485cea50d1cbac27 -> 
  custom:video-decoder-webm-vp8: 9c59270c3fd7afecdb556c50c9e8de78 -> 
  custom:audio-decoder-ogg-vorbis: bf7c407c2cedff20999df2af8eb42d56 -> 
========================================================================
Received Prepare
Registering precompiled user dll's ...
Registered in 0.006665 seconds.
Begin MonoManager ReloadAssembly
Symbol file LoadedFromMemory doesn't match image D:\Utente\ProgettiUnity\AR_Template_Project\Library\PackageCache\com.unity.visualscripting@1.7.8\Editor\VisualScripting.Core\Dependencies\YamlDotNet\Unity.VisualScripting.YamlDotNet.dll
Symbol file LoadedFromMemory doesn't match image D:\Utente\ProgettiUnity\AR_Template_Project\Library\PackageCache\com.unity.visualscripting@1.7.8\Editor\VisualScripting.Core\Dependencies\DotNetZip\Unity.VisualScripting.IonicZip.dll
Native extension for WindowsStandalone target not found
Native extension for Android target not found
Native extension for WebGL target not found
Refreshing native plugins compatible for Editor in 1.04 ms, found 4 plugins.
Preloading 0 native plugins for Editor in 0.00 ms.
System.Exception: Error! Visual Scripting: couldn't find visual scripting package
  at Unity.VisualScripting.PackageVersionUtility.get_version () [0x00025] in D:\Utente\ProgettiUnity\AR_Template_Project\Library\PackageCache\com.unity.visualscripting@1.7.8\Editor\VisualScripting.Core\Utilities\PackageVersionUtility.cs:22 
  at Unity.VisualScripting.BoltCoreManifest.get_version () [0x00000] in D:\Utente\ProgettiUnity\AR_Template_Project\Library\PackageCache\com.unity.visualscripting@1.7.8\Editor\VisualScripting.Core\Plugin\BoltCoreManifest.cs:11 
  at Unity.VisualScripting.PluginManifest.get_currentVersion () [0x00000] in D:\Utente\ProgettiUnity\AR_Template_Project\Library\PackageCache\com.unity.visualscripting@1.7.8\Editor\VisualScripting.Core\Plugins\PluginManifest.cs:33 
  at Unity.VisualScripting.PluginManifest.get_versionMismatch () [0x00000] in D:\Utente\ProgettiUnity\AR_Template_Project\Library\PackageCache\com.unity.visualscripting@1.7.8\Editor\VisualScripting.Core\Plugins\PluginManifest.cs:48 
  at Unity.VisualScripting.PluginContainer.Initialize () [0x0057d] in D:\Utente\ProgettiUnity\AR_Template_Project\Library\PackageCache\com.unity.visualscripting@1.7.8\Editor\VisualScripting.Core\Plugins\PluginContainer.cs:208 
  at Unity.VisualScripting.PluginContainer.InitializeOnLoad () [0x00012] in D:\Utente\ProgettiUnity\AR_Template_Project\Library\PackageCache\com.unity.visualscripting@1.7.8\Editor\VisualScripting.Core\Plugins\PluginContainer.cs:32 
  at Unity.VisualScripting.VSUsageUtility.DoInitializeOnLoadCalls () [0x00044] in D:\Utente\ProgettiUnity\AR_Template_Project\Library\PackageCache\com.unity.visualscripting@1.7.8\Editor\VisualScripting.Core\Utilities\VSUsageUtility.cs:76 
  at Unity.VisualScripting.VSUsageUtility.set_isVisualScriptingUsed (System.Boolean value) [0x00037] in D:\Utente\ProgettiUnity\AR_Template_Project\Library\PackageCache\com.unity.visualscripting@1.7.8\Editor\VisualScripting.Core\Utilities\VSUsageUtility.cs:114 
  at Unity.VisualScripting.VSUsageUtility.CheckAndSetIsVisualScriptingUsed () [0x00013] in D:\Utente\ProgettiUnity\AR_Template_Project\Library\PackageCache\com.unity.visualscripting@1.7.8\Editor\VisualScripting.Core\Utilities\VSUsageUtility.cs:33 
  at Unity.VisualScripting.VSUsageUtility..cctor () [0x0000d] in D:\Utente\ProgettiUnity\AR_Template_Project\Library\PackageCache\com.unity.visualscripting@1.7.8\Editor\VisualScripting.Core\Utilities\VSUsageUtility.cs:22 
UnityEngine.StackTraceUtility:ExtractStackTrace ()
UnityEngine.DebugLogHandler:LogFormat (UnityEngine.LogType,UnityEngine.Object,string,object[])
UnityEngine.Logger:Log (UnityEngine.LogType,object)
UnityEngine.Debug:LogError (object)
UnityEditor.EditorAssemblies:ProcessInitializeOnLoadAttributes (System.Type[])

Mono: successfully reloaded assembly
- Completed reload, in  2.378 seconds
Domain Reload Profiling:
	ReloadAssembly (2380ms)
		BeginReloadAssembly (209ms)
			ExecutionOrderSort (0ms)
			DisableScriptedObjects (6ms)
			BackupInstance (0ms)
			ReleaseScriptingObjects (0ms)
			CreateAndSetChildDomain (56ms)
		EndReloadAssembly (1995ms)
			LoadAssemblies (177ms)
			RebuildTransferFunctionScriptingTraits (0ms)
			SetupTypeCache (394ms)
			ReleaseScriptCaches (2ms)
			RebuildScriptCaches (61ms)
			SetupLoadedEditorAssemblies (929ms)
				LogAssemblyErrors (0ms)
				InitializePlatformSupportModulesInManaged (40ms)
				SetLoadedEditorAssemblies (1ms)
				RefreshPlugins (1ms)
				BeforeProcessingInitializeOnLoad (122ms)
				ProcessInitializeOnLoadAttributes (658ms)
				ProcessInitializeOnLoadMethodAttributes (96ms)
				AfterProcessingInitializeOnLoad (11ms)
				EditorAssembliesLoaded (0ms)
			ExecutionOrderSort2 (0ms)
			AwakeInstancesAfterBackupRestoration (10ms)
Platform modules already initialized, skipping
Refreshing native plugins compatible for Editor in 3.14 ms, found 4 plugins.
Preloading 0 native plugins for Editor in 0.00 ms.
Unloading 6350 Unused Serialized files (Serialized files now loaded: 0)
Unloading 50 unused Assets / (2.0 MB). Loaded Objects now: 7059.
Memory consumption went from 242.8 MB to 240.8 MB.
Total: 13.840500 ms (FindLiveObjects: 0.544700 ms CreateObjectMapping: 0.484500 ms MarkObjects: 11.659700 ms  DeleteObjects: 1.150600 ms)

AssetImportParameters requested are different than current active one (requested -> active):
  custom:video-decoder-ogg-theora: a1e56fd34408186e4bbccfd4996cb3dc -> 
  custom:container-muxer-webm: aa71ff27fc2769a1b78a27578f13a17b -> 
  custom:container-demuxer-webm: 4f35f7cbe854078d1ac9338744f61a02 -> 
  custom:video-encoder-webm-vp8: eb34c28f22e8b96e1ab97ce403110664 -> 
  custom:audio-encoder-webm-vorbis: bf7c407c2cedff20999df2af8eb42d56 -> 
  custom:framework-win-MediaFoundation: 216162199b28c13a410421893ffa2e32 -> 
  custom:container-demuxer-ogg: 62fdf1f143b41e24485cea50d1cbac27 -> 
  custom:video-decoder-webm-vp8: 9c59270c3fd7afecdb556c50c9e8de78 -> 
  custom:audio-decoder-ogg-vorbis: bf7c407c2cedff20999df2af8eb42d56 -> 
========================================================================
Received Prepare
Registering precompiled user dll's ...
Registered in 0.005944 seconds.
Begin MonoManager ReloadAssembly
Symbol file LoadedFromMemory doesn't match image D:\Utente\ProgettiUnity\AR_Template_Project\Library\PackageCache\com.unity.visualscripting@1.7.8\Editor\VisualScripting.Core\Dependencies\YamlDotNet\Unity.VisualScripting.YamlDotNet.dll
Symbol file LoadedFromMemory doesn't match image D:\Utente\ProgettiUnity\AR_Template_Project\Library\PackageCache\com.unity.visualscripting@1.7.8\Editor\VisualScripting.Core\Dependencies\DotNetZip\Unity.VisualScripting.IonicZip.dll
Native extension for WindowsStandalone target not found
Native extension for Android target not found
Native extension for WebGL target not found
Refreshing native plugins compatible for Editor in 1.09 ms, found 4 plugins.
Preloading 0 native plugins for Editor in 0.00 ms.
System.Exception: Error! Visual Scripting: couldn't find visual scripting package
  at Unity.VisualScripting.PackageVersionUtility.get_version () [0x00025] in D:\Utente\ProgettiUnity\AR_Template_Project\Library\PackageCache\com.unity.visualscripting@1.7.8\Editor\VisualScripting.Core\Utilities\PackageVersionUtility.cs:22 
  at Unity.VisualScripting.BoltCoreManifest.get_version () [0x00000] in D:\Utente\ProgettiUnity\AR_Template_Project\Library\PackageCache\com.unity.visualscripting@1.7.8\Editor\VisualScripting.Core\Plugin\BoltCoreManifest.cs:11 
  at Unity.VisualScripting.PluginManifest.get_currentVersion () [0x00000] in D:\Utente\ProgettiUnity\AR_Template_Project\Library\PackageCache\com.unity.visualscripting@1.7.8\Editor\VisualScripting.Core\Plugins\PluginManifest.cs:33 
  at Unity.VisualScripting.PluginManifest.get_versionMismatch () [0x00000] in D:\Utente\ProgettiUnity\AR_Template_Project\Library\PackageCache\com.unity.visualscripting@1.7.8\Editor\VisualScripting.Core\Plugins\PluginManifest.cs:48 
  at Unity.VisualScripting.PluginContainer.Initialize () [0x0057d] in D:\Utente\ProgettiUnity\AR_Template_Project\Library\PackageCache\com.unity.visualscripting@1.7.8\Editor\VisualScripting.Core\Plugins\PluginContainer.cs:208 
  at Unity.VisualScripting.PluginContainer.InitializeOnLoad () [0x00012] in D:\Utente\ProgettiUnity\AR_Template_Project\Library\PackageCache\com.unity.visualscripting@1.7.8\Editor\VisualScripting.Core\Plugins\PluginContainer.cs:32 
  at Unity.VisualScripting.VSUsageUtility.DoInitializeOnLoadCalls () [0x00044] in D:\Utente\ProgettiUnity\AR_Template_Project\Library\PackageCache\com.unity.visualscripting@1.7.8\Editor\VisualScripting.Core\Utilities\VSUsageUtility.cs:76 
  at Unity.VisualScripting.VSUsageUtility.set_isVisualScriptingUsed (System.Boolean value) [0x00037] in D:\Utente\ProgettiUnity\AR_Template_Project\Library\PackageCache\com.unity.visualscripting@1.7.8\Editor\VisualScripting.Core\Utilities\VSUsageUtility.cs:114 
  at Unity.VisualScripting.VSUsageUtility.CheckAndSetIsVisualScriptingUsed () [0x00013] in D:\Utente\ProgettiUnity\AR_Template_Project\Library\PackageCache\com.unity.visualscripting@1.7.8\Editor\VisualScripting.Core\Utilities\VSUsageUtility.cs:33 
  at Unity.VisualScripting.VSUsageUtility..cctor () [0x0000d] in D:\Utente\ProgettiUnity\AR_Template_Project\Library\PackageCache\com.unity.visualscripting@1.7.8\Editor\VisualScripting.Core\Utilities\VSUsageUtility.cs:22 
UnityEngine.StackTraceUtility:ExtractStackTrace ()
UnityEngine.DebugLogHandler:LogFormat (UnityEngine.LogType,UnityEngine.Object,string,object[])
UnityEngine.Logger:Log (UnityEngine.LogType,object)
UnityEngine.Debug:LogError (object)
UnityEditor.EditorAssemblies:ProcessInitializeOnLoadAttributes (System.Type[])

Mono: successfully reloaded assembly
- Completed reload, in  2.331 seconds
Domain Reload Profiling:
	ReloadAssembly (2331ms)
		BeginReloadAssembly (182ms)
			ExecutionOrderSort (0ms)
			DisableScriptedObjects (5ms)
			BackupInstance (0ms)
			ReleaseScriptingObjects (0ms)
			CreateAndSetChildDomain (47ms)
		EndReloadAssembly (2030ms)
			LoadAssemblies (137ms)
			RebuildTransferFunctionScriptingTraits (0ms)
			SetupTypeCache (365ms)
			ReleaseScriptCaches (5ms)
			RebuildScriptCaches (58ms)
			SetupLoadedEditorAssemblies (1086ms)
				LogAssemblyErrors (0ms)
				InitializePlatformSupportModulesInManaged (28ms)
				SetLoadedEditorAssemblies (1ms)
				RefreshPlugins (1ms)
				BeforeProcessingInitializeOnLoad (132ms)
				ProcessInitializeOnLoadAttributes (806ms)
				ProcessInitializeOnLoadMethodAttributes (106ms)
				AfterProcessingInitializeOnLoad (12ms)
				EditorAssembliesLoaded (0ms)
			ExecutionOrderSort2 (0ms)
			AwakeInstancesAfterBackupRestoration (9ms)
Platform modules already initialized, skipping
Refreshing native plugins compatible for Editor in 3.87 ms, found 4 plugins.
Preloading 0 native plugins for Editor in 0.00 ms.
Unloading 6350 Unused Serialized files (Serialized files now loaded: 0)
Unloading 50 unused Assets / (2.0 MB). Loaded Objects now: 7064.
Memory consumption went from 242.8 MB to 240.8 MB.
Total: 15.557200 ms (FindLiveObjects: 0.560100 ms CreateObjectMapping: 0.765900 ms MarkObjects: 12.781800 ms  DeleteObjects: 1.448400 ms)

AssetImportParameters requested are different than current active one (requested -> active):
  custom:video-decoder-ogg-theora: a1e56fd34408186e4bbccfd4996cb3dc -> 
  custom:container-muxer-webm: aa71ff27fc2769a1b78a27578f13a17b -> 
  custom:container-demuxer-webm: 4f35f7cbe854078d1ac9338744f61a02 -> 
  custom:video-encoder-webm-vp8: eb34c28f22e8b96e1ab97ce403110664 -> 
  custom:audio-encoder-webm-vorbis: bf7c407c2cedff20999df2af8eb42d56 -> 
  custom:framework-win-MediaFoundation: 216162199b28c13a410421893ffa2e32 -> 
  custom:container-demuxer-ogg: 62fdf1f143b41e24485cea50d1cbac27 -> 
  custom:video-decoder-webm-vp8: 9c59270c3fd7afecdb556c50c9e8de78 -> 
  custom:audio-decoder-ogg-vorbis: bf7c407c2cedff20999df2af8eb42d56 -> 
========================================================================
Received Prepare
Registering precompiled user dll's ...
Registered in 0.008861 seconds.
Begin MonoManager ReloadAssembly
Symbol file LoadedFromMemory doesn't match image D:\Utente\ProgettiUnity\AR_Template_Project\Library\PackageCache\com.unity.visualscripting@1.7.8\Editor\VisualScripting.Core\Dependencies\YamlDotNet\Unity.VisualScripting.YamlDotNet.dll
Symbol file LoadedFromMemory doesn't match image D:\Utente\ProgettiUnity\AR_Template_Project\Library\PackageCache\com.unity.visualscripting@1.7.8\Editor\VisualScripting.Core\Dependencies\DotNetZip\Unity.VisualScripting.IonicZip.dll
Native extension for WindowsStandalone target not found
Native extension for Android target not found
Native extension for WebGL target not found
Refreshing native plugins compatible for Editor in 1.11 ms, found 4 plugins.
Preloading 0 native plugins for Editor in 0.00 ms.
System.Exception: Error! Visual Scripting: couldn't find visual scripting package
  at Unity.VisualScripting.PackageVersionUtility.get_version () [0x00025] in D:\Utente\ProgettiUnity\AR_Template_Project\Library\PackageCache\com.unity.visualscripting@1.7.8\Editor\VisualScripting.Core\Utilities\PackageVersionUtility.cs:22 
  at Unity.VisualScripting.BoltCoreManifest.get_version () [0x00000] in D:\Utente\ProgettiUnity\AR_Template_Project\Library\PackageCache\com.unity.visualscripting@1.7.8\Editor\VisualScripting.Core\Plugin\BoltCoreManifest.cs:11 
  at Unity.VisualScripting.PluginManifest.get_currentVersion () [0x00000] in D:\Utente\ProgettiUnity\AR_Template_Project\Library\PackageCache\com.unity.visualscripting@1.7.8\Editor\VisualScripting.Core\Plugins\PluginManifest.cs:33 
  at Unity.VisualScripting.PluginManifest.get_versionMismatch () [0x00000] in D:\Utente\ProgettiUnity\AR_Template_Project\Library\PackageCache\com.unity.visualscripting@1.7.8\Editor\VisualScripting.Core\Plugins\PluginManifest.cs:48 
  at Unity.VisualScripting.PluginContainer.Initialize () [0x0057d] in D:\Utente\ProgettiUnity\AR_Template_Project\Library\PackageCache\com.unity.visualscripting@1.7.8\Editor\VisualScripting.Core\Plugins\PluginContainer.cs:208 
  at Unity.VisualScripting.PluginContainer.InitializeOnLoad () [0x00012] in D:\Utente\ProgettiUnity\AR_Template_Project\Library\PackageCache\com.unity.visualscripting@1.7.8\Editor\VisualScripting.Core\Plugins\PluginContainer.cs:32 
  at Unity.VisualScripting.VSUsageUtility.DoInitializeOnLoadCalls () [0x00044] in D:\Utente\ProgettiUnity\AR_Template_Project\Library\PackageCache\com.unity.visualscripting@1.7.8\Editor\VisualScripting.Core\Utilities\VSUsageUtility.cs:76 
  at Unity.VisualScripting.VSUsageUtility.set_isVisualScriptingUsed (System.Boolean value) [0x00037] in D:\Utente\ProgettiUnity\AR_Template_Project\Library\PackageCache\com.unity.visualscripting@1.7.8\Editor\VisualScripting.Core\Utilities\VSUsageUtility.cs:114 
  at Unity.VisualScripting.VSUsageUtility.CheckAndSetIsVisualScriptingUsed () [0x00013] in D:\Utente\ProgettiUnity\AR_Template_Project\Library\PackageCache\com.unity.visualscripting@1.7.8\Editor\VisualScripting.Core\Utilities\VSUsageUtility.cs:33 
  at Unity.VisualScripting.VSUsageUtility..cctor () [0x0000d] in D:\Utente\ProgettiUnity\AR_Template_Project\Library\PackageCache\com.unity.visualscripting@1.7.8\Editor\VisualScripting.Core\Utilities\VSUsageUtility.cs:22 
UnityEngine.StackTraceUtility:ExtractStackTrace ()
UnityEngine.DebugLogHandler:LogFormat (UnityEngine.LogType,UnityEngine.Object,string,object[])
UnityEngine.Logger:Log (UnityEngine.LogType,object)
UnityEngine.Debug:LogError (object)
UnityEditor.EditorAssemblies:ProcessInitializeOnLoadAttributes (System.Type[])

Mono: successfully reloaded assembly
- Completed reload, in  2.277 seconds
Domain Reload Profiling:
	ReloadAssembly (2278ms)
		BeginReloadAssembly (179ms)
			ExecutionOrderSort (0ms)
			DisableScriptedObjects (5ms)
			BackupInstance (0ms)
			ReleaseScriptingObjects (0ms)
			CreateAndSetChildDomain (49ms)
		EndReloadAssembly (1983ms)
			LoadAssemblies (116ms)
			RebuildTransferFunctionScriptingTraits (0ms)
			SetupTypeCache (344ms)
			ReleaseScriptCaches (2ms)
			RebuildScriptCaches (66ms)
			SetupLoadedEditorAssemblies (1111ms)
				LogAssemblyErrors (0ms)
				InitializePlatformSupportModulesInManaged (27ms)
				SetLoadedEditorAssemblies (1ms)
				RefreshPlugins (1ms)
				BeforeProcessingInitializeOnLoad (131ms)
				ProcessInitializeOnLoadAttributes (826ms)
				ProcessInitializeOnLoadMethodAttributes (112ms)
				AfterProcessingInitializeOnLoad (13ms)
				EditorAssembliesLoaded (0ms)
			ExecutionOrderSort2 (0ms)
			AwakeInstancesAfterBackupRestoration (11ms)
Platform modules already initialized, skipping
Refreshing native plugins compatible for Editor in 3.45 ms, found 4 plugins.
Preloading 0 native plugins for Editor in 0.00 ms.
Unloading 6350 Unused Serialized files (Serialized files now loaded: 0)
Unloading 50 unused Assets / (2.0 MB). Loaded Objects now: 7069.
Memory consumption went from 242.8 MB to 240.8 MB.
Total: 18.607700 ms (FindLiveObjects: 0.453000 ms CreateObjectMapping: 4.065900 ms MarkObjects: 12.953000 ms  DeleteObjects: 1.134800 ms)

AssetImportParameters requested are different than current active one (requested -> active):
  custom:video-decoder-ogg-theora: a1e56fd34408186e4bbccfd4996cb3dc -> 
  custom:container-muxer-webm: aa71ff27fc2769a1b78a27578f13a17b -> 
  custom:container-demuxer-webm: 4f35f7cbe854078d1ac9338744f61a02 -> 
  custom:video-encoder-webm-vp8: eb34c28f22e8b96e1ab97ce403110664 -> 
  custom:audio-encoder-webm-vorbis: bf7c407c2cedff20999df2af8eb42d56 -> 
  custom:framework-win-MediaFoundation: 216162199b28c13a410421893ffa2e32 -> 
  custom:container-demuxer-ogg: 62fdf1f143b41e24485cea50d1cbac27 -> 
  custom:video-decoder-webm-vp8: 9c59270c3fd7afecdb556c50c9e8de78 -> 
  custom:audio-decoder-ogg-vorbis: bf7c407c2cedff20999df2af8eb42d56 -> 
========================================================================
Received Prepare
Registering precompiled user dll's ...
Registered in 0.008508 seconds.
Begin MonoManager ReloadAssembly
Symbol file LoadedFromMemory doesn't match image D:\Utente\ProgettiUnity\AR_Template_Project\Library\PackageCache\com.unity.visualscripting@1.7.8\Editor\VisualScripting.Core\Dependencies\YamlDotNet\Unity.VisualScripting.YamlDotNet.dll
Symbol file LoadedFromMemory doesn't match image D:\Utente\ProgettiUnity\AR_Template_Project\Library\PackageCache\com.unity.visualscripting@1.7.8\Editor\VisualScripting.Core\Dependencies\DotNetZip\Unity.VisualScripting.IonicZip.dll
Native extension for WindowsStandalone target not found
Native extension for Android target not found
Native extension for WebGL target not found
Refreshing native plugins compatible for Editor in 1.12 ms, found 4 plugins.
Preloading 0 native plugins for Editor in 0.00 ms.
System.Exception: Error! Visual Scripting: couldn't find visual scripting package
  at Unity.VisualScripting.PackageVersionUtility.get_version () [0x00025] in D:\Utente\ProgettiUnity\AR_Template_Project\Library\PackageCache\com.unity.visualscripting@1.7.8\Editor\VisualScripting.Core\Utilities\PackageVersionUtility.cs:22 
  at Unity.VisualScripting.BoltCoreManifest.get_version () [0x00000] in D:\Utente\ProgettiUnity\AR_Template_Project\Library\PackageCache\com.unity.visualscripting@1.7.8\Editor\VisualScripting.Core\Plugin\BoltCoreManifest.cs:11 
  at Unity.VisualScripting.PluginManifest.get_currentVersion () [0x00000] in D:\Utente\ProgettiUnity\AR_Template_Project\Library\PackageCache\com.unity.visualscripting@1.7.8\Editor\VisualScripting.Core\Plugins\PluginManifest.cs:33 
  at Unity.VisualScripting.PluginManifest.get_versionMismatch () [0x00000] in D:\Utente\ProgettiUnity\AR_Template_Project\Library\PackageCache\com.unity.visualscripting@1.7.8\Editor\VisualScripting.Core\Plugins\PluginManifest.cs:48 
  at Unity.VisualScripting.PluginContainer.Initialize () [0x0057d] in D:\Utente\ProgettiUnity\AR_Template_Project\Library\PackageCache\com.unity.visualscripting@1.7.8\Editor\VisualScripting.Core\Plugins\PluginContainer.cs:208 
  at Unity.VisualScripting.PluginContainer.InitializeOnLoad () [0x00012] in D:\Utente\ProgettiUnity\AR_Template_Project\Library\PackageCache\com.unity.visualscripting@1.7.8\Editor\VisualScripting.Core\Plugins\PluginContainer.cs:32 
  at Unity.VisualScripting.VSUsageUtility.DoInitializeOnLoadCalls () [0x00044] in D:\Utente\ProgettiUnity\AR_Template_Project\Library\PackageCache\com.unity.visualscripting@1.7.8\Editor\VisualScripting.Core\Utilities\VSUsageUtility.cs:76 
  at Unity.VisualScripting.VSUsageUtility.set_isVisualScriptingUsed (System.Boolean value) [0x00037] in D:\Utente\ProgettiUnity\AR_Template_Project\Library\PackageCache\com.unity.visualscripting@1.7.8\Editor\VisualScripting.Core\Utilities\VSUsageUtility.cs:114 
  at Unity.VisualScripting.VSUsageUtility.CheckAndSetIsVisualScriptingUsed () [0x00013] in D:\Utente\ProgettiUnity\AR_Template_Project\Library\PackageCache\com.unity.visualscripting@1.7.8\Editor\VisualScripting.Core\Utilities\VSUsageUtility.cs:33 
  at Unity.VisualScripting.VSUsageUtility..cctor () [0x0000d] in D:\Utente\ProgettiUnity\AR_Template_Project\Library\PackageCache\com.unity.visualscripting@1.7.8\Editor\VisualScripting.Core\Utilities\VSUsageUtility.cs:22 
UnityEngine.StackTraceUtility:ExtractStackTrace ()
UnityEngine.DebugLogHandler:LogFormat (UnityEngine.LogType,UnityEngine.Object,string,object[])
UnityEngine.Logger:Log (UnityEngine.LogType,object)
UnityEngine.Debug:LogError (object)
UnityEditor.EditorAssemblies:ProcessInitializeOnLoadAttributes (System.Type[])

Mono: successfully reloaded assembly
- Completed reload, in  2.871 seconds
Domain Reload Profiling:
	ReloadAssembly (2873ms)
		BeginReloadAssembly (190ms)
			ExecutionOrderSort (0ms)
			DisableScriptedObjects (5ms)
			BackupInstance (0ms)
			ReleaseScriptingObjects (0ms)
			CreateAndSetChildDomain (53ms)
		EndReloadAssembly (2537ms)
			LoadAssemblies (207ms)
			RebuildTransferFunctionScriptingTraits (0ms)
			SetupTypeCache (503ms)
			ReleaseScriptCaches (2ms)
			RebuildScriptCaches (69ms)
			SetupLoadedEditorAssemblies (1235ms)
				LogAssemblyErrors (0ms)
				InitializePlatformSupportModulesInManaged (36ms)
				SetLoadedEditorAssemblies (1ms)
				RefreshPlugins (1ms)
				BeforeProcessingInitializeOnLoad (190ms)
				ProcessInitializeOnLoadAttributes (804ms)
				ProcessInitializeOnLoadMethodAttributes (175ms)
				AfterProcessingInitializeOnLoad (27ms)
				EditorAssembliesLoaded (1ms)
			ExecutionOrderSort2 (0ms)
			AwakeInstancesAfterBackupRestoration (17ms)
Platform modules already initialized, skipping
Refreshing native plugins compatible for Editor in 2.56 ms, found 4 plugins.
Preloading 0 native plugins for Editor in 0.00 ms.
Unloading 6350 Unused Serialized files (Serialized files now loaded: 0)
Unloading 50 unused Assets / (1.9 MB). Loaded Objects now: 7074.
Memory consumption went from 242.8 MB to 240.8 MB.
Total: 14.747500 ms (FindLiveObjects: 0.466300 ms CreateObjectMapping: 0.507800 ms MarkObjects: 12.661600 ms  DeleteObjects: 1.110400 ms)

AssetImportParameters requested are different than current active one (requested -> active):
  custom:video-decoder-ogg-theora: a1e56fd34408186e4bbccfd4996cb3dc -> 
  custom:container-muxer-webm: aa71ff27fc2769a1b78a27578f13a17b -> 
  custom:container-demuxer-webm: 4f35f7cbe854078d1ac9338744f61a02 -> 
  custom:video-encoder-webm-vp8: eb34c28f22e8b96e1ab97ce403110664 -> 
  custom:audio-encoder-webm-vorbis: bf7c407c2cedff20999df2af8eb42d56 -> 
  custom:framework-win-MediaFoundation: 216162199b28c13a410421893ffa2e32 -> 
  custom:container-demuxer-ogg: 62fdf1f143b41e24485cea50d1cbac27 -> 
  custom:video-decoder-webm-vp8: 9c59270c3fd7afecdb556c50c9e8de78 -> 
  custom:audio-decoder-ogg-vorbis: bf7c407c2cedff20999df2af8eb42d56 -> 
========================================================================
Received Prepare
Registering precompiled user dll's ...
Registered in 0.022360 seconds.
Begin MonoManager ReloadAssembly
Symbol file LoadedFromMemory doesn't match image D:\Utente\ProgettiUnity\AR_Template_Project\Library\PackageCache\com.unity.visualscripting@1.7.8\Editor\VisualScripting.Core\Dependencies\YamlDotNet\Unity.VisualScripting.YamlDotNet.dll
Symbol file LoadedFromMemory doesn't match image D:\Utente\ProgettiUnity\AR_Template_Project\Library\PackageCache\com.unity.visualscripting@1.7.8\Editor\VisualScripting.Core\Dependencies\DotNetZip\Unity.VisualScripting.IonicZip.dll
Native extension for WindowsStandalone target not found
Native extension for Android target not found
Native extension for WebGL target not found
Refreshing native plugins compatible for Editor in 1.14 ms, found 4 plugins.
Preloading 0 native plugins for Editor in 0.00 ms.
System.Exception: Error! Visual Scripting: couldn't find visual scripting package
  at Unity.VisualScripting.PackageVersionUtility.get_version () [0x00025] in D:\Utente\ProgettiUnity\AR_Template_Project\Library\PackageCache\com.unity.visualscripting@1.7.8\Editor\VisualScripting.Core\Utilities\PackageVersionUtility.cs:22 
  at Unity.VisualScripting.BoltCoreManifest.get_version () [0x00000] in D:\Utente\ProgettiUnity\AR_Template_Project\Library\PackageCache\com.unity.visualscripting@1.7.8\Editor\VisualScripting.Core\Plugin\BoltCoreManifest.cs:11 
  at Unity.VisualScripting.PluginManifest.get_currentVersion () [0x00000] in D:\Utente\ProgettiUnity\AR_Template_Project\Library\PackageCache\com.unity.visualscripting@1.7.8\Editor\VisualScripting.Core\Plugins\PluginManifest.cs:33 
  at Unity.VisualScripting.PluginManifest.get_versionMismatch () [0x00000] in D:\Utente\ProgettiUnity\AR_Template_Project\Library\PackageCache\com.unity.visualscripting@1.7.8\Editor\VisualScripting.Core\Plugins\PluginManifest.cs:48 
  at Unity.VisualScripting.PluginContainer.Initialize () [0x0057d] in D:\Utente\ProgettiUnity\AR_Template_Project\Library\PackageCache\com.unity.visualscripting@1.7.8\Editor\VisualScripting.Core\Plugins\PluginContainer.cs:208 
  at Unity.VisualScripting.PluginContainer.InitializeOnLoad () [0x00012] in D:\Utente\ProgettiUnity\AR_Template_Project\Library\PackageCache\com.unity.visualscripting@1.7.8\Editor\VisualScripting.Core\Plugins\PluginContainer.cs:32 
  at Unity.VisualScripting.VSUsageUtility.DoInitializeOnLoadCalls () [0x00044] in D:\Utente\ProgettiUnity\AR_Template_Project\Library\PackageCache\com.unity.visualscripting@1.7.8\Editor\VisualScripting.Core\Utilities\VSUsageUtility.cs:76 
  at Unity.VisualScripting.VSUsageUtility.set_isVisualScriptingUsed (System.Boolean value) [0x00037] in D:\Utente\ProgettiUnity\AR_Template_Project\Library\PackageCache\com.unity.visualscripting@1.7.8\Editor\VisualScripting.Core\Utilities\VSUsageUtility.cs:114 
  at Unity.VisualScripting.VSUsageUtility.CheckAndSetIsVisualScriptingUsed () [0x00013] in D:\Utente\ProgettiUnity\AR_Template_Project\Library\PackageCache\com.unity.visualscripting@1.7.8\Editor\VisualScripting.Core\Utilities\VSUsageUtility.cs:33 
  at Unity.VisualScripting.VSUsageUtility..cctor () [0x0000d] in D:\Utente\ProgettiUnity\AR_Template_Project\Library\PackageCache\com.unity.visualscripting@1.7.8\Editor\VisualScripting.Core\Utilities\VSUsageUtility.cs:22 
UnityEngine.StackTraceUtility:ExtractStackTrace ()
UnityEngine.DebugLogHandler:LogFormat (UnityEngine.LogType,UnityEngine.Object,string,object[])
UnityEngine.Logger:Log (UnityEngine.LogType,object)
UnityEngine.Debug:LogError (object)
UnityEditor.EditorAssemblies:ProcessInitializeOnLoadAttributes (System.Type[])

Mono: successfully reloaded assembly
- Completed reload, in  2.300 seconds
Domain Reload Profiling:
	ReloadAssembly (2301ms)
		BeginReloadAssembly (223ms)
			ExecutionOrderSort (0ms)
			DisableScriptedObjects (6ms)
			BackupInstance (0ms)
			ReleaseScriptingObjects (0ms)
			CreateAndSetChildDomain (51ms)
		EndReloadAssembly (1967ms)
			LoadAssemblies (166ms)
			RebuildTransferFunctionScriptingTraits (0ms)
			SetupTypeCache (341ms)
			ReleaseScriptCaches (2ms)
			RebuildScriptCaches (62ms)
			SetupLoadedEditorAssemblies (997ms)
				LogAssemblyErrors (0ms)
				InitializePlatformSupportModulesInManaged (34ms)
				SetLoadedEditorAssemblies (1ms)
				RefreshPlugins (1ms)
				BeforeProcessingInitializeOnLoad (120ms)
				ProcessInitializeOnLoadAttributes (658ms)
				ProcessInitializeOnLoadMethodAttributes (165ms)
				AfterProcessingInitializeOnLoad (19ms)
				EditorAssembliesLoaded (0ms)
			ExecutionOrderSort2 (0ms)
			AwakeInstancesAfterBackupRestoration (11ms)
Platform modules already initialized, skipping
Refreshing native plugins compatible for Editor in 2.66 ms, found 4 plugins.
Preloading 0 native plugins for Editor in 0.00 ms.
Unloading 6350 Unused Serialized files (Serialized files now loaded: 0)
Unloading 50 unused Assets / (2.0 MB). Loaded Objects now: 7079.
Memory consumption went from 242.8 MB to 240.9 MB.
Total: 28.866400 ms (FindLiveObjects: 0.806400 ms CreateObjectMapping: 1.205600 ms MarkObjects: 25.494000 ms  DeleteObjects: 1.358800 ms)

AssetImportParameters requested are different than current active one (requested -> active):
  custom:video-decoder-ogg-theora: a1e56fd34408186e4bbccfd4996cb3dc -> 
  custom:container-muxer-webm: aa71ff27fc2769a1b78a27578f13a17b -> 
  custom:container-demuxer-webm: 4f35f7cbe854078d1ac9338744f61a02 -> 
  custom:video-encoder-webm-vp8: eb34c28f22e8b96e1ab97ce403110664 -> 
  custom:audio-encoder-webm-vorbis: bf7c407c2cedff20999df2af8eb42d56 -> 
  custom:framework-win-MediaFoundation: 216162199b28c13a410421893ffa2e32 -> 
  custom:container-demuxer-ogg: 62fdf1f143b41e24485cea50d1cbac27 -> 
  custom:video-decoder-webm-vp8: 9c59270c3fd7afecdb556c50c9e8de78 -> 
  custom:audio-decoder-ogg-vorbis: bf7c407c2cedff20999df2af8eb42d56 -> 
========================================================================
Received Prepare
Registering precompiled user dll's ...
Registered in 0.006258 seconds.
Begin MonoManager ReloadAssembly
Symbol file LoadedFromMemory doesn't match image D:\Utente\ProgettiUnity\AR_Template_Project\Library\PackageCache\com.unity.visualscripting@1.7.8\Editor\VisualScripting.Core\Dependencies\YamlDotNet\Unity.VisualScripting.YamlDotNet.dll
Symbol file LoadedFromMemory doesn't match image D:\Utente\ProgettiUnity\AR_Template_Project\Library\PackageCache\com.unity.visualscripting@1.7.8\Editor\VisualScripting.Core\Dependencies\DotNetZip\Unity.VisualScripting.IonicZip.dll
Native extension for WindowsStandalone target not found
Native extension for Android target not found
Native extension for WebGL target not found
Refreshing native plugins compatible for Editor in 1.41 ms, found 4 plugins.
Preloading 0 native plugins for Editor in 0.00 ms.
System.Exception: Error! Visual Scripting: couldn't find visual scripting package
  at Unity.VisualScripting.PackageVersionUtility.get_version () [0x00025] in D:\Utente\ProgettiUnity\AR_Template_Project\Library\PackageCache\com.unity.visualscripting@1.7.8\Editor\VisualScripting.Core\Utilities\PackageVersionUtility.cs:22 
  at Unity.VisualScripting.BoltCoreManifest.get_version () [0x00000] in D:\Utente\ProgettiUnity\AR_Template_Project\Library\PackageCache\com.unity.visualscripting@1.7.8\Editor\VisualScripting.Core\Plugin\BoltCoreManifest.cs:11 
  at Unity.VisualScripting.PluginManifest.get_currentVersion () [0x00000] in D:\Utente\ProgettiUnity\AR_Template_Project\Library\PackageCache\com.unity.visualscripting@1.7.8\Editor\VisualScripting.Core\Plugins\PluginManifest.cs:33 
  at Unity.VisualScripting.PluginManifest.get_versionMismatch () [0x00000] in D:\Utente\ProgettiUnity\AR_Template_Project\Library\PackageCache\com.unity.visualscripting@1.7.8\Editor\VisualScripting.Core\Plugins\PluginManifest.cs:48 
  at Unity.VisualScripting.PluginContainer.Initialize () [0x0057d] in D:\Utente\ProgettiUnity\AR_Template_Project\Library\PackageCache\com.unity.visualscripting@1.7.8\Editor\VisualScripting.Core\Plugins\PluginContainer.cs:208 
  at Unity.VisualScripting.PluginContainer.InitializeOnLoad () [0x00012] in D:\Utente\ProgettiUnity\AR_Template_Project\Library\PackageCache\com.unity.visualscripting@1.7.8\Editor\VisualScripting.Core\Plugins\PluginContainer.cs:32 
  at Unity.VisualScripting.VSUsageUtility.DoInitializeOnLoadCalls () [0x00044] in D:\Utente\ProgettiUnity\AR_Template_Project\Library\PackageCache\com.unity.visualscripting@1.7.8\Editor\VisualScripting.Core\Utilities\VSUsageUtility.cs:76 
  at Unity.VisualScripting.VSUsageUtility.set_isVisualScriptingUsed (System.Boolean value) [0x00037] in D:\Utente\ProgettiUnity\AR_Template_Project\Library\PackageCache\com.unity.visualscripting@1.7.8\Editor\VisualScripting.Core\Utilities\VSUsageUtility.cs:114 
  at Unity.VisualScripting.VSUsageUtility.CheckAndSetIsVisualScriptingUsed () [0x00013] in D:\Utente\ProgettiUnity\AR_Template_Project\Library\PackageCache\com.unity.visualscripting@1.7.8\Editor\VisualScripting.Core\Utilities\VSUsageUtility.cs:33 
  at Unity.VisualScripting.VSUsageUtility..cctor () [0x0000d] in D:\Utente\ProgettiUnity\AR_Template_Project\Library\PackageCache\com.unity.visualscripting@1.7.8\Editor\VisualScripting.Core\Utilities\VSUsageUtility.cs:22 
UnityEngine.StackTraceUtility:ExtractStackTrace ()
UnityEngine.DebugLogHandler:LogFormat (UnityEngine.LogType,UnityEngine.Object,string,object[])
UnityEngine.Logger:Log (UnityEngine.LogType,object)
UnityEngine.Debug:LogError (object)
UnityEditor.EditorAssemblies:ProcessInitializeOnLoadAttributes (System.Type[])

Mono: successfully reloaded assembly
- Completed reload, in  2.442 seconds
Domain Reload Profiling:
	ReloadAssembly (2443ms)
		BeginReloadAssembly (219ms)
			ExecutionOrderSort (0ms)
			DisableScriptedObjects (6ms)
			BackupInstance (0ms)
			ReleaseScriptingObjects (0ms)
			CreateAndSetChildDomain (51ms)
		EndReloadAssembly (2050ms)
			LoadAssemblies (179ms)
			RebuildTransferFunctionScriptingTraits (0ms)
			SetupTypeCache (374ms)
			ReleaseScriptCaches (4ms)
			RebuildScriptCaches (100ms)
			SetupLoadedEditorAssemblies (953ms)
				LogAssemblyErrors (0ms)
				InitializePlatformSupportModulesInManaged (33ms)
				SetLoadedEditorAssemblies (1ms)
				RefreshPlugins (1ms)
				BeforeProcessingInitializeOnLoad (141ms)
				ProcessInitializeOnLoadAttributes (655ms)
				ProcessInitializeOnLoadMethodAttributes (110ms)
				AfterProcessingInitializeOnLoad (10ms)
				EditorAssembliesLoaded (0ms)
			ExecutionOrderSort2 (0ms)
			AwakeInstancesAfterBackupRestoration (9ms)
Platform modules already initialized, skipping
Refreshing native plugins compatible for Editor in 7.82 ms, found 4 plugins.
Preloading 0 native plugins for Editor in 0.00 ms.
Unloading 6350 Unused Serialized files (Serialized files now loaded: 0)
Unloading 50 unused Assets / (2.0 MB). Loaded Objects now: 7084.
Memory consumption went from 242.9 MB to 240.9 MB.
Total: 35.041400 ms (FindLiveObjects: 1.136300 ms CreateObjectMapping: 1.417300 ms MarkObjects: 30.148500 ms  DeleteObjects: 2.338000 ms)

AssetImportParameters requested are different than current active one (requested -> active):
  custom:video-decoder-ogg-theora: a1e56fd34408186e4bbccfd4996cb3dc -> 
  custom:container-muxer-webm: aa71ff27fc2769a1b78a27578f13a17b -> 
  custom:container-demuxer-webm: 4f35f7cbe854078d1ac9338744f61a02 -> 
  custom:video-encoder-webm-vp8: eb34c28f22e8b96e1ab97ce403110664 -> 
  custom:audio-encoder-webm-vorbis: bf7c407c2cedff20999df2af8eb42d56 -> 
  custom:framework-win-MediaFoundation: 216162199b28c13a410421893ffa2e32 -> 
  custom:container-demuxer-ogg: 62fdf1f143b41e24485cea50d1cbac27 -> 
  custom:video-decoder-webm-vp8: 9c59270c3fd7afecdb556c50c9e8de78 -> 
  custom:audio-decoder-ogg-vorbis: bf7c407c2cedff20999df2af8eb42d56 -> 
========================================================================
Received Prepare
Registering precompiled user dll's ...
Registered in 0.006951 seconds.
Begin MonoManager ReloadAssembly
Symbol file LoadedFromMemory doesn't match image D:\Utente\ProgettiUnity\AR_Template_Project\Library\PackageCache\com.unity.visualscripting@1.7.8\Editor\VisualScripting.Core\Dependencies\YamlDotNet\Unity.VisualScripting.YamlDotNet.dll
Symbol file LoadedFromMemory doesn't match image D:\Utente\ProgettiUnity\AR_Template_Project\Library\PackageCache\com.unity.visualscripting@1.7.8\Editor\VisualScripting.Core\Dependencies\DotNetZip\Unity.VisualScripting.IonicZip.dll
Native extension for WindowsStandalone target not found
Native extension for Android target not found
Native extension for WebGL target not found
Refreshing native plugins compatible for Editor in 1.37 ms, found 4 plugins.
Preloading 0 native plugins for Editor in 0.00 ms.
System.Exception: Error! Visual Scripting: couldn't find visual scripting package
  at Unity.VisualScripting.PackageVersionUtility.get_version () [0x00025] in D:\Utente\ProgettiUnity\AR_Template_Project\Library\PackageCache\com.unity.visualscripting@1.7.8\Editor\VisualScripting.Core\Utilities\PackageVersionUtility.cs:22 
  at Unity.VisualScripting.BoltCoreManifest.get_version () [0x00000] in D:\Utente\ProgettiUnity\AR_Template_Project\Library\PackageCache\com.unity.visualscripting@1.7.8\Editor\VisualScripting.Core\Plugin\BoltCoreManifest.cs:11 
  at Unity.VisualScripting.PluginManifest.get_currentVersion () [0x00000] in D:\Utente\ProgettiUnity\AR_Template_Project\Library\PackageCache\com.unity.visualscripting@1.7.8\Editor\VisualScripting.Core\Plugins\PluginManifest.cs:33 
  at Unity.VisualScripting.PluginManifest.get_versionMismatch () [0x00000] in D:\Utente\ProgettiUnity\AR_Template_Project\Library\PackageCache\com.unity.visualscripting@1.7.8\Editor\VisualScripting.Core\Plugins\PluginManifest.cs:48 
  at Unity.VisualScripting.PluginContainer.Initialize () [0x0057d] in D:\Utente\ProgettiUnity\AR_Template_Project\Library\PackageCache\com.unity.visualscripting@1.7.8\Editor\VisualScripting.Core\Plugins\PluginContainer.cs:208 
  at Unity.VisualScripting.PluginContainer.InitializeOnLoad () [0x00012] in D:\Utente\ProgettiUnity\AR_Template_Project\Library\PackageCache\com.unity.visualscripting@1.7.8\Editor\VisualScripting.Core\Plugins\PluginContainer.cs:32 
  at Unity.VisualScripting.VSUsageUtility.DoInitializeOnLoadCalls () [0x00044] in D:\Utente\ProgettiUnity\AR_Template_Project\Library\PackageCache\com.unity.visualscripting@1.7.8\Editor\VisualScripting.Core\Utilities\VSUsageUtility.cs:76 
  at Unity.VisualScripting.VSUsageUtility.set_isVisualScriptingUsed (System.Boolean value) [0x00037] in D:\Utente\ProgettiUnity\AR_Template_Project\Library\PackageCache\com.unity.visualscripting@1.7.8\Editor\VisualScripting.Core\Utilities\VSUsageUtility.cs:114 
  at Unity.VisualScripting.VSUsageUtility.CheckAndSetIsVisualScriptingUsed () [0x00013] in D:\Utente\ProgettiUnity\AR_Template_Project\Library\PackageCache\com.unity.visualscripting@1.7.8\Editor\VisualScripting.Core\Utilities\VSUsageUtility.cs:33 
  at Unity.VisualScripting.VSUsageUtility..cctor () [0x0000d] in D:\Utente\ProgettiUnity\AR_Template_Project\Library\PackageCache\com.unity.visualscripting@1.7.8\Editor\VisualScripting.Core\Utilities\VSUsageUtility.cs:22 
UnityEngine.StackTraceUtility:ExtractStackTrace ()
UnityEngine.DebugLogHandler:LogFormat (UnityEngine.LogType,UnityEngine.Object,string,object[])
UnityEngine.Logger:Log (UnityEngine.LogType,object)
UnityEngine.Debug:LogError (object)
UnityEditor.EditorAssemblies:ProcessInitializeOnLoadAttributes (System.Type[])

Mono: successfully reloaded assembly
- Completed reload, in  2.868 seconds
Domain Reload Profiling:
	ReloadAssembly (2869ms)
		BeginReloadAssembly (249ms)
			ExecutionOrderSort (0ms)
			DisableScriptedObjects (10ms)
			BackupInstance (0ms)
			ReleaseScriptingObjects (1ms)
			CreateAndSetChildDomain (75ms)
		EndReloadAssembly (2407ms)
			LoadAssemblies (194ms)
			RebuildTransferFunctionScriptingTraits (0ms)
			SetupTypeCache (452ms)
			ReleaseScriptCaches (3ms)
			RebuildScriptCaches (78ms)
			SetupLoadedEditorAssemblies (1163ms)
				LogAssemblyErrors (0ms)
				InitializePlatformSupportModulesInManaged (34ms)
				SetLoadedEditorAssemblies (1ms)
				RefreshPlugins (1ms)
				BeforeProcessingInitializeOnLoad (167ms)
				ProcessInitializeOnLoadAttributes (800ms)
				ProcessInitializeOnLoadMethodAttributes (146ms)
				AfterProcessingInitializeOnLoad (13ms)
				EditorAssembliesLoaded (0ms)
			ExecutionOrderSort2 (0ms)
			AwakeInstancesAfterBackupRestoration (15ms)
Platform modules already initialized, skipping
Refreshing native plugins compatible for Editor in 2.63 ms, found 4 plugins.
Preloading 0 native plugins for Editor in 0.00 ms.
Unloading 6350 Unused Serialized files (Serialized files now loaded: 0)
Unloading 50 unused Assets / (2.0 MB). Loaded Objects now: 7089.
Memory consumption went from 242.9 MB to 240.9 MB.
Total: 14.564400 ms (FindLiveObjects: 0.669900 ms CreateObjectMapping: 0.774600 ms MarkObjects: 12.002600 ms  DeleteObjects: 1.116200 ms)

AssetImportParameters requested are different than current active one (requested -> active):
  custom:video-decoder-ogg-theora: a1e56fd34408186e4bbccfd4996cb3dc -> 
  custom:container-muxer-webm: aa71ff27fc2769a1b78a27578f13a17b -> 
  custom:container-demuxer-webm: 4f35f7cbe854078d1ac9338744f61a02 -> 
  custom:video-encoder-webm-vp8: eb34c28f22e8b96e1ab97ce403110664 -> 
  custom:audio-encoder-webm-vorbis: bf7c407c2cedff20999df2af8eb42d56 -> 
  custom:framework-win-MediaFoundation: 216162199b28c13a410421893ffa2e32 -> 
  custom:container-demuxer-ogg: 62fdf1f143b41e24485cea50d1cbac27 -> 
  custom:video-decoder-webm-vp8: 9c59270c3fd7afecdb556c50c9e8de78 -> 
  custom:audio-decoder-ogg-vorbis: bf7c407c2cedff20999df2af8eb42d56 -> 
========================================================================
Received Prepare
Registering precompiled user dll's ...
Registered in 0.006393 seconds.
Begin MonoManager ReloadAssembly
Symbol file LoadedFromMemory doesn't match image D:\Utente\ProgettiUnity\AR_Template_Project\Library\PackageCache\com.unity.visualscripting@1.7.8\Editor\VisualScripting.Core\Dependencies\YamlDotNet\Unity.VisualScripting.YamlDotNet.dll
Symbol file LoadedFromMemory doesn't match image D:\Utente\ProgettiUnity\AR_Template_Project\Library\PackageCache\com.unity.visualscripting@1.7.8\Editor\VisualScripting.Core\Dependencies\DotNetZip\Unity.VisualScripting.IonicZip.dll
Native extension for WindowsStandalone target not found
Native extension for Android target not found
Native extension for WebGL target not found
Refreshing native plugins compatible for Editor in 1.23 ms, found 4 plugins.
Preloading 0 native plugins for Editor in 0.00 ms.
System.Exception: Error! Visual Scripting: couldn't find visual scripting package
  at Unity.VisualScripting.PackageVersionUtility.get_version () [0x00025] in D:\Utente\ProgettiUnity\AR_Template_Project\Library\PackageCache\com.unity.visualscripting@1.7.8\Editor\VisualScripting.Core\Utilities\PackageVersionUtility.cs:22 
  at Unity.VisualScripting.BoltCoreManifest.get_version () [0x00000] in D:\Utente\ProgettiUnity\AR_Template_Project\Library\PackageCache\com.unity.visualscripting@1.7.8\Editor\VisualScripting.Core\Plugin\BoltCoreManifest.cs:11 
  at Unity.VisualScripting.PluginManifest.get_currentVersion () [0x00000] in D:\Utente\ProgettiUnity\AR_Template_Project\Library\PackageCache\com.unity.visualscripting@1.7.8\Editor\VisualScripting.Core\Plugins\PluginManifest.cs:33 
  at Unity.VisualScripting.PluginManifest.get_versionMismatch () [0x00000] in D:\Utente\ProgettiUnity\AR_Template_Project\Library\PackageCache\com.unity.visualscripting@1.7.8\Editor\VisualScripting.Core\Plugins\PluginManifest.cs:48 
  at Unity.VisualScripting.PluginContainer.Initialize () [0x0057d] in D:\Utente\ProgettiUnity\AR_Template_Project\Library\PackageCache\com.unity.visualscripting@1.7.8\Editor\VisualScripting.Core\Plugins\PluginContainer.cs:208 
  at Unity.VisualScripting.PluginContainer.InitializeOnLoad () [0x00012] in D:\Utente\ProgettiUnity\AR_Template_Project\Library\PackageCache\com.unity.visualscripting@1.7.8\Editor\VisualScripting.Core\Plugins\PluginContainer.cs:32 
  at Unity.VisualScripting.VSUsageUtility.DoInitializeOnLoadCalls () [0x00044] in D:\Utente\ProgettiUnity\AR_Template_Project\Library\PackageCache\com.unity.visualscripting@1.7.8\Editor\VisualScripting.Core\Utilities\VSUsageUtility.cs:76 
  at Unity.VisualScripting.VSUsageUtility.set_isVisualScriptingUsed (System.Boolean value) [0x00037] in D:\Utente\ProgettiUnity\AR_Template_Project\Library\PackageCache\com.unity.visualscripting@1.7.8\Editor\VisualScripting.Core\Utilities\VSUsageUtility.cs:114 
  at Unity.VisualScripting.VSUsageUtility.CheckAndSetIsVisualScriptingUsed () [0x00013] in D:\Utente\ProgettiUnity\AR_Template_Project\Library\PackageCache\com.unity.visualscripting@1.7.8\Editor\VisualScripting.Core\Utilities\VSUsageUtility.cs:33 
  at Unity.VisualScripting.VSUsageUtility..cctor () [0x0000d] in D:\Utente\ProgettiUnity\AR_Template_Project\Library\PackageCache\com.unity.visualscripting@1.7.8\Editor\VisualScripting.Core\Utilities\VSUsageUtility.cs:22 
UnityEngine.StackTraceUtility:ExtractStackTrace ()
UnityEngine.DebugLogHandler:LogFormat (UnityEngine.LogType,UnityEngine.Object,string,object[])
UnityEngine.Logger:Log (UnityEngine.LogType,object)
UnityEngine.Debug:LogError (object)
UnityEditor.EditorAssemblies:ProcessInitializeOnLoadAttributes (System.Type[])

Mono: successfully reloaded assembly
- Completed reload, in  2.197 seconds
Domain Reload Profiling:
	ReloadAssembly (2198ms)
		BeginReloadAssembly (198ms)
			ExecutionOrderSort (0ms)
			DisableScriptedObjects (5ms)
			BackupInstance (0ms)
			ReleaseScriptingObjects (0ms)
			CreateAndSetChildDomain (59ms)
		EndReloadAssembly (1894ms)
			LoadAssemblies (147ms)
			RebuildTransferFunctionScriptingTraits (0ms)
			SetupTypeCache (359ms)
			ReleaseScriptCaches (2ms)
			RebuildScriptCaches (67ms)
			SetupLoadedEditorAssemblies (919ms)
				LogAssemblyErrors (0ms)
				InitializePlatformSupportModulesInManaged (27ms)
				SetLoadedEditorAssemblies (1ms)
				RefreshPlugins (1ms)
				BeforeProcessingInitializeOnLoad (156ms)
				ProcessInitializeOnLoadAttributes (619ms)
				ProcessInitializeOnLoadMethodAttributes (103ms)
				AfterProcessingInitializeOnLoad (12ms)
				EditorAssembliesLoaded (0ms)
			ExecutionOrderSort2 (0ms)
			AwakeInstancesAfterBackupRestoration (13ms)
Platform modules already initialized, skipping
Refreshing native plugins compatible for Editor in 5.37 ms, found 4 plugins.
Preloading 0 native plugins for Editor in 0.00 ms.
Unloading 6350 Unused Serialized files (Serialized files now loaded: 0)
Unloading 50 unused Assets / (1.9 MB). Loaded Objects now: 7094.
Memory consumption went from 242.9 MB to 241.0 MB.
Total: 17.319700 ms (FindLiveObjects: 0.547800 ms CreateObjectMapping: 0.528500 ms MarkObjects: 15.150400 ms  DeleteObjects: 1.092000 ms)

AssetImportParameters requested are different than current active one (requested -> active):
  custom:video-decoder-ogg-theora: a1e56fd34408186e4bbccfd4996cb3dc -> 
  custom:container-muxer-webm: aa71ff27fc2769a1b78a27578f13a17b -> 
  custom:container-demuxer-webm: 4f35f7cbe854078d1ac9338744f61a02 -> 
  custom:video-encoder-webm-vp8: eb34c28f22e8b96e1ab97ce403110664 -> 
  custom:audio-encoder-webm-vorbis: bf7c407c2cedff20999df2af8eb42d56 -> 
  custom:framework-win-MediaFoundation: 216162199b28c13a410421893ffa2e32 -> 
  custom:container-demuxer-ogg: 62fdf1f143b41e24485cea50d1cbac27 -> 
  custom:video-decoder-webm-vp8: 9c59270c3fd7afecdb556c50c9e8de78 -> 
  custom:audio-decoder-ogg-vorbis: bf7c407c2cedff20999df2af8eb42d56 -> 
========================================================================
Received Prepare
Registering precompiled user dll's ...
Registered in 0.011036 seconds.
Begin MonoManager ReloadAssembly
Symbol file LoadedFromMemory doesn't match image D:\Utente\ProgettiUnity\AR_Template_Project\Library\PackageCache\com.unity.visualscripting@1.7.8\Editor\VisualScripting.Core\Dependencies\YamlDotNet\Unity.VisualScripting.YamlDotNet.dll
Symbol file LoadedFromMemory doesn't match image D:\Utente\ProgettiUnity\AR_Template_Project\Library\PackageCache\com.unity.visualscripting@1.7.8\Editor\VisualScripting.Core\Dependencies\DotNetZip\Unity.VisualScripting.IonicZip.dll
Native extension for WindowsStandalone target not found
Native extension for Android target not found
Native extension for WebGL target not found
Refreshing native plugins compatible for Editor in 1.16 ms, found 4 plugins.
Preloading 0 native plugins for Editor in 0.00 ms.
System.Exception: Error! Visual Scripting: couldn't find visual scripting package
  at Unity.VisualScripting.PackageVersionUtility.get_version () [0x00025] in D:\Utente\ProgettiUnity\AR_Template_Project\Library\PackageCache\com.unity.visualscripting@1.7.8\Editor\VisualScripting.Core\Utilities\PackageVersionUtility.cs:22 
  at Unity.VisualScripting.BoltCoreManifest.get_version () [0x00000] in D:\Utente\ProgettiUnity\AR_Template_Project\Library\PackageCache\com.unity.visualscripting@1.7.8\Editor\VisualScripting.Core\Plugin\BoltCoreManifest.cs:11 
  at Unity.VisualScripting.PluginManifest.get_currentVersion () [0x00000] in D:\Utente\ProgettiUnity\AR_Template_Project\Library\PackageCache\com.unity.visualscripting@1.7.8\Editor\VisualScripting.Core\Plugins\PluginManifest.cs:33 
  at Unity.VisualScripting.PluginManifest.get_versionMismatch () [0x00000] in D:\Utente\ProgettiUnity\AR_Template_Project\Library\PackageCache\com.unity.visualscripting@1.7.8\Editor\VisualScripting.Core\Plugins\PluginManifest.cs:48 
  at Unity.VisualScripting.PluginContainer.Initialize () [0x0057d] in D:\Utente\ProgettiUnity\AR_Template_Project\Library\PackageCache\com.unity.visualscripting@1.7.8\Editor\VisualScripting.Core\Plugins\PluginContainer.cs:208 
  at Unity.VisualScripting.PluginContainer.InitializeOnLoad () [0x00012] in D:\Utente\ProgettiUnity\AR_Template_Project\Library\PackageCache\com.unity.visualscripting@1.7.8\Editor\VisualScripting.Core\Plugins\PluginContainer.cs:32 
  at Unity.VisualScripting.VSUsageUtility.DoInitializeOnLoadCalls () [0x00044] in D:\Utente\ProgettiUnity\AR_Template_Project\Library\PackageCache\com.unity.visualscripting@1.7.8\Editor\VisualScripting.Core\Utilities\VSUsageUtility.cs:76 
  at Unity.VisualScripting.VSUsageUtility.set_isVisualScriptingUsed (System.Boolean value) [0x00037] in D:\Utente\ProgettiUnity\AR_Template_Project\Library\PackageCache\com.unity.visualscripting@1.7.8\Editor\VisualScripting.Core\Utilities\VSUsageUtility.cs:114 
  at Unity.VisualScripting.VSUsageUtility.CheckAndSetIsVisualScriptingUsed () [0x00013] in D:\Utente\ProgettiUnity\AR_Template_Project\Library\PackageCache\com.unity.visualscripting@1.7.8\Editor\VisualScripting.Core\Utilities\VSUsageUtility.cs:33 
  at Unity.VisualScripting.VSUsageUtility..cctor () [0x0000d] in D:\Utente\ProgettiUnity\AR_Template_Project\Library\PackageCache\com.unity.visualscripting@1.7.8\Editor\VisualScripting.Core\Utilities\VSUsageUtility.cs:22 
UnityEngine.StackTraceUtility:ExtractStackTrace ()
UnityEngine.DebugLogHandler:LogFormat (UnityEngine.LogType,UnityEngine.Object,string,object[])
UnityEngine.Logger:Log (UnityEngine.LogType,object)
UnityEngine.Debug:LogError (object)
UnityEditor.EditorAssemblies:ProcessInitializeOnLoadAttributes (System.Type[])

Mono: successfully reloaded assembly
- Completed reload, in  2.695 seconds
Domain Reload Profiling:
	ReloadAssembly (2696ms)
		BeginReloadAssembly (202ms)
			ExecutionOrderSort (0ms)
			DisableScriptedObjects (6ms)
			BackupInstance (0ms)
			ReleaseScriptingObjects (0ms)
			CreateAndSetChildDomain (48ms)
		EndReloadAssembly (2318ms)
			LoadAssemblies (139ms)
			RebuildTransferFunctionScriptingTraits (0ms)
			SetupTypeCache (327ms)
			ReleaseScriptCaches (2ms)
			RebuildScriptCaches (78ms)
			SetupLoadedEditorAssemblies (1493ms)
				LogAssemblyErrors (0ms)
				InitializePlatformSupportModulesInManaged (25ms)
				SetLoadedEditorAssemblies (1ms)
				RefreshPlugins (1ms)
				BeforeProcessingInitializeOnLoad (195ms)
				ProcessInitializeOnLoadAttributes (1058ms)
				ProcessInitializeOnLoadMethodAttributes (182ms)
				AfterProcessingInitializeOnLoad (31ms)
				EditorAssembliesLoaded (1ms)
			ExecutionOrderSort2 (0ms)
			AwakeInstancesAfterBackupRestoration (13ms)
Platform modules already initialized, skipping
Refreshing native plugins compatible for Editor in 2.61 ms, found 4 plugins.
Preloading 0 native plugins for Editor in 0.00 ms.
Unloading 6350 Unused Serialized files (Serialized files now loaded: 0)
Unloading 50 unused Assets / (1.9 MB). Loaded Objects now: 7099.
Memory consumption went from 242.9 MB to 241.0 MB.
Total: 13.332400 ms (FindLiveObjects: 0.478300 ms CreateObjectMapping: 0.460700 ms MarkObjects: 11.338200 ms  DeleteObjects: 1.054300 ms)

AssetImportParameters requested are different than current active one (requested -> active):
  custom:video-decoder-ogg-theora: a1e56fd34408186e4bbccfd4996cb3dc -> 
  custom:container-muxer-webm: aa71ff27fc2769a1b78a27578f13a17b -> 
  custom:container-demuxer-webm: 4f35f7cbe854078d1ac9338744f61a02 -> 
  custom:video-encoder-webm-vp8: eb34c28f22e8b96e1ab97ce403110664 -> 
  custom:audio-encoder-webm-vorbis: bf7c407c2cedff20999df2af8eb42d56 -> 
  custom:framework-win-MediaFoundation: 216162199b28c13a410421893ffa2e32 -> 
  custom:container-demuxer-ogg: 62fdf1f143b41e24485cea50d1cbac27 -> 
  custom:video-decoder-webm-vp8: 9c59270c3fd7afecdb556c50c9e8de78 -> 
  custom:audio-decoder-ogg-vorbis: bf7c407c2cedff20999df2af8eb42d56 -> 
========================================================================
Received Prepare
Registering precompiled user dll's ...
Registered in 0.007771 seconds.
Begin MonoManager ReloadAssembly
Symbol file LoadedFromMemory doesn't match image D:\Utente\ProgettiUnity\AR_Template_Project\Library\PackageCache\com.unity.visualscripting@1.7.8\Editor\VisualScripting.Core\Dependencies\YamlDotNet\Unity.VisualScripting.YamlDotNet.dll
Symbol file LoadedFromMemory doesn't match image D:\Utente\ProgettiUnity\AR_Template_Project\Library\PackageCache\com.unity.visualscripting@1.7.8\Editor\VisualScripting.Core\Dependencies\DotNetZip\Unity.VisualScripting.IonicZip.dll
Native extension for WindowsStandalone target not found
Native extension for Android target not found
Native extension for WebGL target not found
Refreshing native plugins compatible for Editor in 1.70 ms, found 4 plugins.
Preloading 0 native plugins for Editor in 0.00 ms.
Exception: Error! Visual Scripting: couldn't find visual scripting package
  at Unity.VisualScripting.PackageVersionUtility.get_version () [0x00025] in D:\Utente\ProgettiUnity\AR_Template_Project\Library\PackageCache\com.unity.visualscripting@1.7.8\Editor\VisualScripting.Core\Utilities\PackageVersionUtility.cs:22 
  at Unity.VisualScripting.BoltCoreManifest.get_version () [0x00000] in D:\Utente\ProgettiUnity\AR_Template_Project\Library\PackageCache\com.unity.visualscripting@1.7.8\Editor\VisualScripting.Core\Plugin\BoltCoreManifest.cs:11 
  at Unity.VisualScripting.PluginConfiguration.Initialize () [0x000c3] in D:\Utente\ProgettiUnity\AR_Template_Project\Library\PackageCache\com.unity.visualscripting@1.7.8\Editor\VisualScripting.Core\Plugins\PluginConfiguration.cs:57 
  at Unity.VisualScripting.PluginContainer.Initialize () [0x004f2] in D:\Utente\ProgettiUnity\AR_Template_Project\Library\PackageCache\com.unity.visualscripting@1.7.8\Editor\VisualScripting.Core\Plugins\PluginContainer.cs:199 
Rethrow as Exception: Failed to initialize plugin module 'VisualScripting.Core.BoltCoreConfiguration'.

UnityEngine.DebugLogHandler:Internal_LogException(Exception, Object)
UnityEngine.DebugLogHandler:LogException(Exception, Object)
UnityEngine.Logger:LogException(Exception, Object)
UnityEngine.Debug:LogException(Exception)
Unity.VisualScripting.PluginContainer:Initialize() (at Library\PackageCache\com.unity.visualscripting@1.7.8\Editor\VisualScripting.Core\Plugins\PluginContainer.cs:204)
Unity.VisualScripting.PluginContainer:InitializeOnLoad() (at Library\PackageCache\com.unity.visualscripting@1.7.8\Editor\VisualScripting.Core\Plugins\PluginContainer.cs:32)
Unity.VisualScripting.VSUsageUtility:DoInitializeOnLoadCalls() (at Library\PackageCache\com.unity.visualscripting@1.7.8\Editor\VisualScripting.Core\Utilities\VSUsageUtility.cs:76)
Unity.VisualScripting.VSUsageUtility:set_isVisualScriptingUsed(Boolean) (at Library\PackageCache\com.unity.visualscripting@1.7.8\Editor\VisualScripting.Core\Utilities\VSUsageUtility.cs:114)
Unity.VisualScripting.VSUsageUtility:CheckAndSetIsVisualScriptingUsed() (at Library\PackageCache\com.unity.visualscripting@1.7.8\Editor\VisualScripting.Core\Utilities\VSUsageUtility.cs:33)
Unity.VisualScripting.VSUsageUtility:.cctor() (at Library\PackageCache\com.unity.visualscripting@1.7.8\Editor\VisualScripting.Core\Utilities\VSUsageUtility.cs:22)
System.Runtime.CompilerServices.RuntimeHelpers:RunClassConstructor(IntPtr)
System.Runtime.CompilerServices.RuntimeHelpers:RunClassConstructor(RuntimeTypeHandle)
UnityEditor.EditorAssemblies:ProcessInitializeOnLoadAttributes(Type[])

(Filename: Library/PackageCache/com.unity.visualscripting@1.7.8/Editor/VisualScripting.Core/Plugins/PluginContainer.cs Line: 204)

System.Exception: Error! Visual Scripting: couldn't find visual scripting package
  at Unity.VisualScripting.PackageVersionUtility.get_version () [0x00025] in D:\Utente\ProgettiUnity\AR_Template_Project\Library\PackageCache\com.unity.visualscripting@1.7.8\Editor\VisualScripting.Core\Utilities\PackageVersionUtility.cs:22 
  at Unity.VisualScripting.BoltCoreManifest.get_version () [0x00000] in D:\Utente\ProgettiUnity\AR_Template_Project\Library\PackageCache\com.unity.visualscripting@1.7.8\Editor\VisualScripting.Core\Plugin\BoltCoreManifest.cs:11 
  at Unity.VisualScripting.PluginManifest.get_currentVersion () [0x00000] in D:\Utente\ProgettiUnity\AR_Template_Project\Library\PackageCache\com.unity.visualscripting@1.7.8\Editor\VisualScripting.Core\Plugins\PluginManifest.cs:33 
  at Unity.VisualScripting.PluginManifest.get_versionMismatch () [0x00000] in D:\Utente\ProgettiUnity\AR_Template_Project\Library\PackageCache\com.unity.visualscripting@1.7.8\Editor\VisualScripting.Core\Plugins\PluginManifest.cs:48 
  at Unity.VisualScripting.PluginContainer.Initialize () [0x0057d] in D:\Utente\ProgettiUnity\AR_Template_Project\Library\PackageCache\com.unity.visualscripting@1.7.8\Editor\VisualScripting.Core\Plugins\PluginContainer.cs:208 
  at Unity.VisualScripting.PluginContainer.InitializeOnLoad () [0x00012] in D:\Utente\ProgettiUnity\AR_Template_Project\Library\PackageCache\com.unity.visualscripting@1.7.8\Editor\VisualScripting.Core\Plugins\PluginContainer.cs:32 
  at Unity.VisualScripting.VSUsageUtility.DoInitializeOnLoadCalls () [0x00044] in D:\Utente\ProgettiUnity\AR_Template_Project\Library\PackageCache\com.unity.visualscripting@1.7.8\Editor\VisualScripting.Core\Utilities\VSUsageUtility.cs:76 
  at Unity.VisualScripting.VSUsageUtility.set_isVisualScriptingUsed (System.Boolean value) [0x00037] in D:\Utente\ProgettiUnity\AR_Template_Project\Library\PackageCache\com.unity.visualscripting@1.7.8\Editor\VisualScripting.Core\Utilities\VSUsageUtility.cs:114 
  at Unity.VisualScripting.VSUsageUtility.CheckAndSetIsVisualScriptingUsed () [0x00013] in D:\Utente\ProgettiUnity\AR_Template_Project\Library\PackageCache\com.unity.visualscripting@1.7.8\Editor\VisualScripting.Core\Utilities\VSUsageUtility.cs:33 
  at Unity.VisualScripting.VSUsageUtility..cctor () [0x0000d] in D:\Utente\ProgettiUnity\AR_Template_Project\Library\PackageCache\com.unity.visualscripting@1.7.8\Editor\VisualScripting.Core\Utilities\VSUsageUtility.cs:22 
UnityEngine.StackTraceUtility:ExtractStackTrace ()
UnityEngine.DebugLogHandler:LogFormat (UnityEngine.LogType,UnityEngine.Object,string,object[])
UnityEngine.Logger:Log (UnityEngine.LogType,object)
UnityEngine.Debug:LogError (object)
UnityEditor.EditorAssemblies:ProcessInitializeOnLoadAttributes (System.Type[])

Mono: successfully reloaded assembly
- Completed reload, in  1.914 seconds
Domain Reload Profiling:
	ReloadAssembly (1915ms)
		BeginReloadAssembly (208ms)
			ExecutionOrderSort (0ms)
			DisableScriptedObjects (5ms)
			BackupInstance (0ms)
			ReleaseScriptingObjects (0ms)
			CreateAndSetChildDomain (65ms)
		EndReloadAssembly (1597ms)
			LoadAssemblies (124ms)
			RebuildTransferFunctionScriptingTraits (0ms)
			SetupTypeCache (330ms)
			ReleaseScriptCaches (2ms)
			RebuildScriptCaches (58ms)
			SetupLoadedEditorAssemblies (787ms)
				LogAssemblyErrors (0ms)
				InitializePlatformSupportModulesInManaged (23ms)
				SetLoadedEditorAssemblies (0ms)
				RefreshPlugins (2ms)
				BeforeProcessingInitializeOnLoad (113ms)
				ProcessInitializeOnLoadAttributes (540ms)
				ProcessInitializeOnLoadMethodAttributes (92ms)
				AfterProcessingInitializeOnLoad (16ms)
				EditorAssembliesLoaded (1ms)
			ExecutionOrderSort2 (0ms)
			AwakeInstancesAfterBackupRestoration (14ms)
Platform modules already initialized, skipping
Refreshing native plugins compatible for Editor in 2.70 ms, found 4 plugins.
Preloading 0 native plugins for Editor in 0.00 ms.
Unloading 6350 Unused Serialized files (Serialized files now loaded: 0)
Unloading 50 unused Assets / (2.0 MB). Loaded Objects now: 7104.
Memory consumption went from 243.0 MB to 241.0 MB.
Total: 12.047100 ms (FindLiveObjects: 0.418400 ms CreateObjectMapping: 0.366200 ms MarkObjects: 10.304700 ms  DeleteObjects: 0.956700 ms)

AssetImportParameters requested are different than current active one (requested -> active):
  custom:video-decoder-ogg-theora: a1e56fd34408186e4bbccfd4996cb3dc -> 
  custom:container-muxer-webm: aa71ff27fc2769a1b78a27578f13a17b -> 
  custom:container-demuxer-webm: 4f35f7cbe854078d1ac9338744f61a02 -> 
  custom:video-encoder-webm-vp8: eb34c28f22e8b96e1ab97ce403110664 -> 
  custom:audio-encoder-webm-vorbis: bf7c407c2cedff20999df2af8eb42d56 -> 
  custom:framework-win-MediaFoundation: 216162199b28c13a410421893ffa2e32 -> 
  custom:container-demuxer-ogg: 62fdf1f143b41e24485cea50d1cbac27 -> 
  custom:video-decoder-webm-vp8: 9c59270c3fd7afecdb556c50c9e8de78 -> 
  custom:audio-decoder-ogg-vorbis: bf7c407c2cedff20999df2af8eb42d56 -> 
========================================================================
Received Prepare
Registering precompiled user dll's ...
Registered in 0.006024 seconds.
Begin MonoManager ReloadAssembly
Symbol file LoadedFromMemory doesn't match image D:\Utente\ProgettiUnity\AR_Template_Project\Library\PackageCache\com.unity.visualscripting@1.7.8\Editor\VisualScripting.Core\Dependencies\YamlDotNet\Unity.VisualScripting.YamlDotNet.dll
Symbol file LoadedFromMemory doesn't match image D:\Utente\ProgettiUnity\AR_Template_Project\Library\PackageCache\com.unity.visualscripting@1.7.8\Editor\VisualScripting.Core\Dependencies\DotNetZip\Unity.VisualScripting.IonicZip.dll
Native extension for WindowsStandalone target not found
Native extension for Android target not found
Native extension for WebGL target not found
Refreshing native plugins compatible for Editor in 1.40 ms, found 4 plugins.
Preloading 0 native plugins for Editor in 0.00 ms.
System.Exception: Error! Visual Scripting: couldn't find visual scripting package
  at Unity.VisualScripting.PackageVersionUtility.get_version () [0x00025] in D:\Utente\ProgettiUnity\AR_Template_Project\Library\PackageCache\com.unity.visualscripting@1.7.8\Editor\VisualScripting.Core\Utilities\PackageVersionUtility.cs:22 
  at Unity.VisualScripting.BoltCoreManifest.get_version () [0x00000] in D:\Utente\ProgettiUnity\AR_Template_Project\Library\PackageCache\com.unity.visualscripting@1.7.8\Editor\VisualScripting.Core\Plugin\BoltCoreManifest.cs:11 
  at Unity.VisualScripting.PluginManifest.get_currentVersion () [0x00000] in D:\Utente\ProgettiUnity\AR_Template_Project\Library\PackageCache\com.unity.visualscripting@1.7.8\Editor\VisualScripting.Core\Plugins\PluginManifest.cs:33 
  at Unity.VisualScripting.PluginManifest.get_versionMismatch () [0x00000] in D:\Utente\ProgettiUnity\AR_Template_Project\Library\PackageCache\com.unity.visualscripting@1.7.8\Editor\VisualScripting.Core\Plugins\PluginManifest.cs:48 
  at Unity.VisualScripting.PluginContainer.Initialize () [0x0057d] in D:\Utente\ProgettiUnity\AR_Template_Project\Library\PackageCache\com.unity.visualscripting@1.7.8\Editor\VisualScripting.Core\Plugins\PluginContainer.cs:208 
  at Unity.VisualScripting.PluginContainer.InitializeOnLoad () [0x00012] in D:\Utente\ProgettiUnity\AR_Template_Project\Library\PackageCache\com.unity.visualscripting@1.7.8\Editor\VisualScripting.Core\Plugins\PluginContainer.cs:32 
  at Unity.VisualScripting.VSUsageUtility.DoInitializeOnLoadCalls () [0x00044] in D:\Utente\ProgettiUnity\AR_Template_Project\Library\PackageCache\com.unity.visualscripting@1.7.8\Editor\VisualScripting.Core\Utilities\VSUsageUtility.cs:76 
  at Unity.VisualScripting.VSUsageUtility.set_isVisualScriptingUsed (System.Boolean value) [0x00037] in D:\Utente\ProgettiUnity\AR_Template_Project\Library\PackageCache\com.unity.visualscripting@1.7.8\Editor\VisualScripting.Core\Utilities\VSUsageUtility.cs:114 
  at Unity.VisualScripting.VSUsageUtility.CheckAndSetIsVisualScriptingUsed () [0x00013] in D:\Utente\ProgettiUnity\AR_Template_Project\Library\PackageCache\com.unity.visualscripting@1.7.8\Editor\VisualScripting.Core\Utilities\VSUsageUtility.cs:33 
  at Unity.VisualScripting.VSUsageUtility..cctor () [0x0000d] in D:\Utente\ProgettiUnity\AR_Template_Project\Library\PackageCache\com.unity.visualscripting@1.7.8\Editor\VisualScripting.Core\Utilities\VSUsageUtility.cs:22 
UnityEngine.StackTraceUtility:ExtractStackTrace ()
UnityEngine.DebugLogHandler:LogFormat (UnityEngine.LogType,UnityEngine.Object,string,object[])
UnityEngine.Logger:Log (UnityEngine.LogType,object)
UnityEngine.Debug:LogError (object)
UnityEditor.EditorAssemblies:ProcessInitializeOnLoadAttributes (System.Type[])

Mono: successfully reloaded assembly
- Completed reload, in  2.342 seconds
Domain Reload Profiling:
	ReloadAssembly (2343ms)
		BeginReloadAssembly (191ms)
			ExecutionOrderSort (0ms)
			DisableScriptedObjects (5ms)
			BackupInstance (0ms)
			ReleaseScriptingObjects (0ms)
			CreateAndSetChildDomain (48ms)
		EndReloadAssembly (2027ms)
			LoadAssemblies (151ms)
			RebuildTransferFunctionScriptingTraits (0ms)
			SetupTypeCache (373ms)
			ReleaseScriptCaches (3ms)
			RebuildScriptCaches (110ms)
			SetupLoadedEditorAssemblies (940ms)
				LogAssemblyErrors (0ms)
				InitializePlatformSupportModulesInManaged (61ms)
				SetLoadedEditorAssemblies (1ms)
				RefreshPlugins (1ms)
				BeforeProcessingInitializeOnLoad (133ms)
				ProcessInitializeOnLoadAttributes (617ms)
				ProcessInitializeOnLoadMethodAttributes (114ms)
				AfterProcessingInitializeOnLoad (12ms)
				EditorAssembliesLoaded (0ms)
			ExecutionOrderSort2 (0ms)
			AwakeInstancesAfterBackupRestoration (13ms)
Platform modules already initialized, skipping
Refreshing native plugins compatible for Editor in 4.12 ms, found 4 plugins.
Preloading 0 native plugins for Editor in 0.00 ms.
Unloading 6350 Unused Serialized files (Serialized files now loaded: 0)
Unloading 50 unused Assets / (1.9 MB). Loaded Objects now: 7109.
Memory consumption went from 243.0 MB to 241.1 MB.
Total: 18.298600 ms (FindLiveObjects: 0.469700 ms CreateObjectMapping: 0.823600 ms MarkObjects: 15.743000 ms  DeleteObjects: 1.261500 ms)

AssetImportParameters requested are different than current active one (requested -> active):
  custom:video-decoder-ogg-theora: a1e56fd34408186e4bbccfd4996cb3dc -> 
  custom:container-muxer-webm: aa71ff27fc2769a1b78a27578f13a17b -> 
  custom:container-demuxer-webm: 4f35f7cbe854078d1ac9338744f61a02 -> 
  custom:video-encoder-webm-vp8: eb34c28f22e8b96e1ab97ce403110664 -> 
  custom:audio-encoder-webm-vorbis: bf7c407c2cedff20999df2af8eb42d56 -> 
  custom:framework-win-MediaFoundation: 216162199b28c13a410421893ffa2e32 -> 
  custom:container-demuxer-ogg: 62fdf1f143b41e24485cea50d1cbac27 -> 
  custom:video-decoder-webm-vp8: 9c59270c3fd7afecdb556c50c9e8de78 -> 
  custom:audio-decoder-ogg-vorbis: bf7c407c2cedff20999df2af8eb42d56 -> 
========================================================================
Received Prepare
Registering precompiled user dll's ...
Registered in 0.011524 seconds.
Begin MonoManager ReloadAssembly
Symbol file LoadedFromMemory doesn't match image D:\Utente\ProgettiUnity\AR_Template_Project\Library\PackageCache\com.unity.visualscripting@1.7.8\Editor\VisualScripting.Core\Dependencies\YamlDotNet\Unity.VisualScripting.YamlDotNet.dll
Symbol file LoadedFromMemory doesn't match image D:\Utente\ProgettiUnity\AR_Template_Project\Library\PackageCache\com.unity.visualscripting@1.7.8\Editor\VisualScripting.Core\Dependencies\DotNetZip\Unity.VisualScripting.IonicZip.dll
Native extension for WindowsStandalone target not found
Native extension for Android target not found
Native extension for WebGL target not found
Refreshing native plugins compatible for Editor in 1.88 ms, found 4 plugins.
Preloading 0 native plugins for Editor in 0.00 ms.
System.Exception: Error! Visual Scripting: couldn't find visual scripting package
  at Unity.VisualScripting.PackageVersionUtility.get_version () [0x00025] in D:\Utente\ProgettiUnity\AR_Template_Project\Library\PackageCache\com.unity.visualscripting@1.7.8\Editor\VisualScripting.Core\Utilities\PackageVersionUtility.cs:22 
  at Unity.VisualScripting.BoltCoreManifest.get_version () [0x00000] in D:\Utente\ProgettiUnity\AR_Template_Project\Library\PackageCache\com.unity.visualscripting@1.7.8\Editor\VisualScripting.Core\Plugin\BoltCoreManifest.cs:11 
  at Unity.VisualScripting.PluginManifest.get_currentVersion () [0x00000] in D:\Utente\ProgettiUnity\AR_Template_Project\Library\PackageCache\com.unity.visualscripting@1.7.8\Editor\VisualScripting.Core\Plugins\PluginManifest.cs:33 
  at Unity.VisualScripting.PluginManifest.get_versionMismatch () [0x00000] in D:\Utente\ProgettiUnity\AR_Template_Project\Library\PackageCache\com.unity.visualscripting@1.7.8\Editor\VisualScripting.Core\Plugins\PluginManifest.cs:48 
  at Unity.VisualScripting.PluginContainer.Initialize () [0x0057d] in D:\Utente\ProgettiUnity\AR_Template_Project\Library\PackageCache\com.unity.visualscripting@1.7.8\Editor\VisualScripting.Core\Plugins\PluginContainer.cs:208 
  at Unity.VisualScripting.PluginContainer.InitializeOnLoad () [0x00012] in D:\Utente\ProgettiUnity\AR_Template_Project\Library\PackageCache\com.unity.visualscripting@1.7.8\Editor\VisualScripting.Core\Plugins\PluginContainer.cs:32 
  at Unity.VisualScripting.VSUsageUtility.DoInitializeOnLoadCalls () [0x00044] in D:\Utente\ProgettiUnity\AR_Template_Project\Library\PackageCache\com.unity.visualscripting@1.7.8\Editor\VisualScripting.Core\Utilities\VSUsageUtility.cs:76 
  at Unity.VisualScripting.VSUsageUtility.set_isVisualScriptingUsed (System.Boolean value) [0x00037] in D:\Utente\ProgettiUnity\AR_Template_Project\Library\PackageCache\com.unity.visualscripting@1.7.8\Editor\VisualScripting.Core\Utilities\VSUsageUtility.cs:114 
  at Unity.VisualScripting.VSUsageUtility.CheckAndSetIsVisualScriptingUsed () [0x00013] in D:\Utente\ProgettiUnity\AR_Template_Project\Library\PackageCache\com.unity.visualscripting@1.7.8\Editor\VisualScripting.Core\Utilities\VSUsageUtility.cs:33 
  at Unity.VisualScripting.VSUsageUtility..cctor () [0x0000d] in D:\Utente\ProgettiUnity\AR_Template_Project\Library\PackageCache\com.unity.visualscripting@1.7.8\Editor\VisualScripting.Core\Utilities\VSUsageUtility.cs:22 
UnityEngine.StackTraceUtility:ExtractStackTrace ()
UnityEngine.DebugLogHandler:LogFormat (UnityEngine.LogType,UnityEngine.Object,string,object[])
UnityEngine.Logger:Log (UnityEngine.LogType,object)
UnityEngine.Debug:LogError (object)
UnityEditor.EditorAssemblies:ProcessInitializeOnLoadAttributes (System.Type[])

Mono: successfully reloaded assembly
- Completed reload, in  2.469 seconds
Domain Reload Profiling:
	ReloadAssembly (2469ms)
		BeginReloadAssembly (174ms)
			ExecutionOrderSort (0ms)
			DisableScriptedObjects (5ms)
			BackupInstance (0ms)
			ReleaseScriptingObjects (0ms)
			CreateAndSetChildDomain (45ms)
		EndReloadAssembly (2170ms)
			LoadAssemblies (123ms)
			RebuildTransferFunctionScriptingTraits (0ms)
			SetupTypeCache (427ms)
			ReleaseScriptCaches (2ms)
			RebuildScriptCaches (74ms)
			SetupLoadedEditorAssemblies (1139ms)
				LogAssemblyErrors (0ms)
				InitializePlatformSupportModulesInManaged (35ms)
				SetLoadedEditorAssemblies (3ms)
				RefreshPlugins (2ms)
				BeforeProcessingInitializeOnLoad (183ms)
				ProcessInitializeOnLoadAttributes (774ms)
				ProcessInitializeOnLoadMethodAttributes (114ms)
				AfterProcessingInitializeOnLoad (27ms)
				EditorAssembliesLoaded (0ms)
			ExecutionOrderSort2 (0ms)
			AwakeInstancesAfterBackupRestoration (17ms)
Platform modules already initialized, skipping
Refreshing native plugins compatible for Editor in 6.97 ms, found 4 plugins.
Preloading 0 native plugins for Editor in 0.00 ms.
Unloading 6350 Unused Serialized files (Serialized files now loaded: 0)
Unloading 50 unused Assets / (2.0 MB). Loaded Objects now: 7114.
Memory consumption went from 243.0 MB to 241.0 MB.
Total: 25.588900 ms (FindLiveObjects: 0.882700 ms CreateObjectMapping: 0.470700 ms MarkObjects: 19.495800 ms  DeleteObjects: 4.738800 ms)

AssetImportParameters requested are different than current active one (requested -> active):
  custom:video-decoder-ogg-theora: a1e56fd34408186e4bbccfd4996cb3dc -> 
  custom:container-muxer-webm: aa71ff27fc2769a1b78a27578f13a17b -> 
  custom:container-demuxer-webm: 4f35f7cbe854078d1ac9338744f61a02 -> 
  custom:video-encoder-webm-vp8: eb34c28f22e8b96e1ab97ce403110664 -> 
  custom:audio-encoder-webm-vorbis: bf7c407c2cedff20999df2af8eb42d56 -> 
  custom:framework-win-MediaFoundation: 216162199b28c13a410421893ffa2e32 -> 
  custom:container-demuxer-ogg: 62fdf1f143b41e24485cea50d1cbac27 -> 
  custom:video-decoder-webm-vp8: 9c59270c3fd7afecdb556c50c9e8de78 -> 
  custom:audio-decoder-ogg-vorbis: bf7c407c2cedff20999df2af8eb42d56 -> 
========================================================================
Received Prepare
Registering precompiled user dll's ...
Registered in 0.006246 seconds.
Begin MonoManager ReloadAssembly
Symbol file LoadedFromMemory doesn't match image D:\Utente\ProgettiUnity\AR_Template_Project\Library\PackageCache\com.unity.visualscripting@1.7.8\Editor\VisualScripting.Core\Dependencies\YamlDotNet\Unity.VisualScripting.YamlDotNet.dll
Symbol file LoadedFromMemory doesn't match image D:\Utente\ProgettiUnity\AR_Template_Project\Library\PackageCache\com.unity.visualscripting@1.7.8\Editor\VisualScripting.Core\Dependencies\DotNetZip\Unity.VisualScripting.IonicZip.dll
Native extension for WindowsStandalone target not found
Native extension for Android target not found
Native extension for WebGL target not found
Refreshing native plugins compatible for Editor in 1.28 ms, found 4 plugins.
Preloading 0 native plugins for Editor in 0.00 ms.
System.Exception: Error! Visual Scripting: couldn't find visual scripting package
  at Unity.VisualScripting.PackageVersionUtility.get_version () [0x00025] in D:\Utente\ProgettiUnity\AR_Template_Project\Library\PackageCache\com.unity.visualscripting@1.7.8\Editor\VisualScripting.Core\Utilities\PackageVersionUtility.cs:22 
  at Unity.VisualScripting.BoltCoreManifest.get_version () [0x00000] in D:\Utente\ProgettiUnity\AR_Template_Project\Library\PackageCache\com.unity.visualscripting@1.7.8\Editor\VisualScripting.Core\Plugin\BoltCoreManifest.cs:11 
  at Unity.VisualScripting.PluginManifest.get_currentVersion () [0x00000] in D:\Utente\ProgettiUnity\AR_Template_Project\Library\PackageCache\com.unity.visualscripting@1.7.8\Editor\VisualScripting.Core\Plugins\PluginManifest.cs:33 
  at Unity.VisualScripting.PluginManifest.get_versionMismatch () [0x00000] in D:\Utente\ProgettiUnity\AR_Template_Project\Library\PackageCache\com.unity.visualscripting@1.7.8\Editor\VisualScripting.Core\Plugins\PluginManifest.cs:48 
  at Unity.VisualScripting.PluginContainer.Initialize () [0x0057d] in D:\Utente\ProgettiUnity\AR_Template_Project\Library\PackageCache\com.unity.visualscripting@1.7.8\Editor\VisualScripting.Core\Plugins\PluginContainer.cs:208 
  at Unity.VisualScripting.PluginContainer.InitializeOnLoad () [0x00012] in D:\Utente\ProgettiUnity\AR_Template_Project\Library\PackageCache\com.unity.visualscripting@1.7.8\Editor\VisualScripting.Core\Plugins\PluginContainer.cs:32 
  at Unity.VisualScripting.VSUsageUtility.DoInitializeOnLoadCalls () [0x00044] in D:\Utente\ProgettiUnity\AR_Template_Project\Library\PackageCache\com.unity.visualscripting@1.7.8\Editor\VisualScripting.Core\Utilities\VSUsageUtility.cs:76 
  at Unity.VisualScripting.VSUsageUtility.set_isVisualScriptingUsed (System.Boolean value) [0x00037] in D:\Utente\ProgettiUnity\AR_Template_Project\Library\PackageCache\com.unity.visualscripting@1.7.8\Editor\VisualScripting.Core\Utilities\VSUsageUtility.cs:114 
  at Unity.VisualScripting.VSUsageUtility.CheckAndSetIsVisualScriptingUsed () [0x00013] in D:\Utente\ProgettiUnity\AR_Template_Project\Library\PackageCache\com.unity.visualscripting@1.7.8\Editor\VisualScripting.Core\Utilities\VSUsageUtility.cs:33 
  at Unity.VisualScripting.VSUsageUtility..cctor () [0x0000d] in D:\Utente\ProgettiUnity\AR_Template_Project\Library\PackageCache\com.unity.visualscripting@1.7.8\Editor\VisualScripting.Core\Utilities\VSUsageUtility.cs:22 
UnityEngine.StackTraceUtility:ExtractStackTrace ()
UnityEngine.DebugLogHandler:LogFormat (UnityEngine.LogType,UnityEngine.Object,string,object[])
UnityEngine.Logger:Log (UnityEngine.LogType,object)
UnityEngine.Debug:LogError (object)
UnityEditor.EditorAssemblies:ProcessInitializeOnLoadAttributes (System.Type[])

Mono: successfully reloaded assembly
- Completed reload, in  2.190 seconds
Domain Reload Profiling:
	ReloadAssembly (2191ms)
		BeginReloadAssembly (196ms)
			ExecutionOrderSort (0ms)
			DisableScriptedObjects (9ms)
			BackupInstance (0ms)
			ReleaseScriptingObjects (0ms)
			CreateAndSetChildDomain (49ms)
		EndReloadAssembly (1833ms)
			LoadAssemblies (128ms)
			RebuildTransferFunctionScriptingTraits (0ms)
			SetupTypeCache (347ms)
			ReleaseScriptCaches (2ms)
			RebuildScriptCaches (61ms)
			SetupLoadedEditorAssemblies (929ms)
				LogAssemblyErrors (0ms)
				InitializePlatformSupportModulesInManaged (32ms)
				SetLoadedEditorAssemblies (1ms)
				RefreshPlugins (1ms)
				BeforeProcessingInitializeOnLoad (157ms)
				ProcessInitializeOnLoadAttributes (615ms)
				ProcessInitializeOnLoadMethodAttributes (109ms)
				AfterProcessingInitializeOnLoad (13ms)
				EditorAssembliesLoaded (0ms)
			ExecutionOrderSort2 (0ms)
			AwakeInstancesAfterBackupRestoration (12ms)
Platform modules already initialized, skipping
Refreshing native plugins compatible for Editor in 12.78 ms, found 4 plugins.
Preloading 0 native plugins for Editor in 0.00 ms.
Unloading 6350 Unused Serialized files (Serialized files now loaded: 0)
Unloading 50 unused Assets / (2.0 MB). Loaded Objects now: 7119.
Memory consumption went from 243.0 MB to 241.1 MB.
Total: 16.387900 ms (FindLiveObjects: 0.695500 ms CreateObjectMapping: 0.544800 ms MarkObjects: 14.032300 ms  DeleteObjects: 1.114400 ms)

AssetImportParameters requested are different than current active one (requested -> active):
  custom:video-decoder-ogg-theora: a1e56fd34408186e4bbccfd4996cb3dc -> 
  custom:container-muxer-webm: aa71ff27fc2769a1b78a27578f13a17b -> 
  custom:container-demuxer-webm: 4f35f7cbe854078d1ac9338744f61a02 -> 
  custom:video-encoder-webm-vp8: eb34c28f22e8b96e1ab97ce403110664 -> 
  custom:audio-encoder-webm-vorbis: bf7c407c2cedff20999df2af8eb42d56 -> 
  custom:framework-win-MediaFoundation: 216162199b28c13a410421893ffa2e32 -> 
  custom:container-demuxer-ogg: 62fdf1f143b41e24485cea50d1cbac27 -> 
  custom:video-decoder-webm-vp8: 9c59270c3fd7afecdb556c50c9e8de78 -> 
  custom:audio-decoder-ogg-vorbis: bf7c407c2cedff20999df2af8eb42d56 -> 
